Date,AAPL,TSLA,AMZN,SPY,RF
2016-01-04,23.688676834106445,14.894000053405762,31.84950065612793,169.05177307128906,6.150793698098924e-06
2016-01-05,23.095050811767578,14.895333290100098,31.68950080871582,169.3376922607422,8.134920563962726e-06
2016-01-06,22.643085479736328,14.602666854858398,31.63249969482422,167.2015838623047,8.134920563962726e-06
2016-01-07,21.687440872192383,14.376667022705078,30.39699935913086,163.19021606445312,7.5396824450719925e-06
2016-01-08,21.8021240234375,14.066666603088379,30.352500915527344,161.39895629882812,7.5396824450719925e-06
2016-01-11,22.155147552490234,13.856666564941406,30.886999130249023,161.55873107910156,6.94444432618126e-06
2016-01-12,22.47669219970703,13.998000144958496,30.894500732421875,162.86224365234375,8.333333073154328e-06
2016-01-13,21.898815155029297,13.354000091552734,29.090499877929688,158.80035400390625,8.531746173661852e-06
2016-01-14,22.377756118774414,13.745332717895508,29.649999618530273,161.40736389160156,9.523809310935791e-06
2016-01-15,21.840349197387695,13.666000366210938,28.509000778198242,157.9425811767578,8.849206543157971e-06
2016-01-19,21.734663009643555,13.64799976348877,28.724000930786133,158.15283203125,9.126984292552585e-06
2016-01-20,21.763898849487305,13.24666690826416,28.588499069213867,156.1260528564453,1.0039682189623515e-05
2016-01-21,21.653728485107422,13.33133316040039,28.750999450683594,157.00067138671875,1.0833333409021772e-05
2016-01-22,22.80498504638672,13.50333309173584,29.819000244140625,160.22161865234375,1.1428570936596582e-05
2016-01-25,22.359777450561523,13.092000007629395,29.826499938964844,157.7996063232422,1.0912698649224782e-05
2016-01-26,22.483436584472656,12.904000282287598,30.0625,159.9524688720703,1.1904762377814641e-05
2016-01-27,21.00613021850586,12.538000106811523,29.167499542236328,158.211669921875,1.1904762377814641e-05
2016-01-28,21.156784057617188,12.646666526794434,31.767499923706055,159.03582763671875,1.2619047174378047e-05
2016-01-29,21.887561798095703,12.74666690826416,29.350000381469727,162.9126434326172,1.1904762377814641e-05
2016-02-01,21.68294906616211,13.129332542419434,28.74049949645996,162.85382080078125,1.1706348685991197e-05
2016-02-02,21.24448585510254,12.185333251953125,27.604999542236328,159.91883850097656,1.3095238615596106e-05
2016-02-03,21.664960861206055,11.565333366394043,26.553499221801758,160.8775634765625,1.3214285884584698e-05
2016-02-04,21.839035034179688,11.688667297363281,26.812999725341797,161.12985229492188,1.1230158427404978e-05
2016-02-05,21.25576400756836,10.84000015258789,25.10650062561035,158.06027221679688,1.1031745918213376e-05
2016-02-08,21.47957420349121,9.866000175476074,24.405000686645508,155.9326171875,1.0317459939018129e-05
2016-02-09,21.475059509277344,9.883333206176758,24.103500366210938,155.94102478027344,1.1904762377814641e-05
2016-02-10,21.312280654907227,9.57800006866455,24.52400016784668,155.8064422607422,1.1825397137611633e-05
2016-02-11,21.183420181274414,10.031332969665527,25.19099998474121,153.77975463867188,1.0833333409021772e-05
2016-02-12,21.248979568481445,10.06933307647705,25.354000091552734,156.9501953125,1.0714286140033178e-05
2016-02-16,21.84808349609375,10.344667434692383,26.05500030517578,159.59927368164062,1.0833333409021772e-05
2016-02-17,22.18267822265625,11.245332717895508,26.704999923706055,162.20631408691406,1.1626984628420029e-05
2016-02-18,21.76217269897461,11.118000030517578,26.25,161.54188537597656,1.1428570936596582e-05
2016-02-19,21.71243667602539,11.10533332824707,26.7450008392334,161.46621704101562,1.1230158427404978e-05
2016-02-22,21.902339935302734,11.849332809448242,27.975000381469727,163.80409240722656,1.1626984628420029e-05
2016-02-23,21.407238006591797,11.814000129699707,27.64699935913086,161.73538208007812,1.2619047174378047e-05
2016-02-24,21.726001739501953,11.933333396911621,27.70199966430664,162.4754180908203,1.2499999905389453e-05
2016-02-25,21.87521743774414,12.495332717895508,27.75749969482422,164.44325256347656,1.2301587396197849e-05
2016-02-26,21.90912437438965,12.689332962036133,27.761499404907227,164.06480407714844,1.2023809646803235e-05
2016-02-29,21.85938835144043,12.795332908630371,27.625999450683594,162.77813720703125,1.2222222155994839e-05
2016-03-01,22.72752571105957,12.423333168029785,28.95199966430664,166.6045379638672,1.2698412414581055e-05
2016-03-02,22.77726173400879,12.555999755859375,29.010499954223633,167.35302734375,1.2023809646803235e-05
2016-03-03,22.946813583374023,13.049332618713379,28.874500274658203,168.0089874267578,1.0436508390638564e-05
2016-03-04,23.288198471069336,13.402667045593262,28.756999969482422,168.55557250976562,1.0515872448209733e-05
2016-03-07,23.030467987060547,13.685999870300293,28.139999389648438,168.69009399414062,1.0515872448209733e-05
2016-03-08,22.840560913085938,13.506667137145996,28.01300048828125,166.8484344482422,1.2103174887006245e-05
2016-03-09,22.860916137695312,13.914667129516602,27.973499298095703,167.672607421875,1.1428570936596582e-05
2016-03-10,22.872209548950195,13.678667068481445,27.946500778198242,167.80714416503906,1.2023809646803235e-05
2016-03-11,23.118637084960938,13.833333015441895,28.480499267578125,170.5150909423828,1.2222222155994839e-05
2016-03-14,23.177413940429688,14.34333324432373,28.668500900268555,170.29635620117188,1.2222222155994839e-05
2016-03-15,23.64313316345215,14.555999755859375,28.85099983215332,170.01893615722656,1.2896824923772659e-05
2016-03-16,23.957380294799805,14.795332908630371,28.713499069213867,171.00283813476562,1.1904762377814641e-05
2016-03-17,23.918947219848633,15.092000007629395,27.972000122070312,172.08766174316406,1.0912698649224782e-05
2016-03-18,23.946077346801758,15.515999794006348,27.604000091552734,172.76393127441406,1.1111111158416386e-05
2016-03-21,23.943817138671875,15.887999534606934,27.698999404907227,173.00906372070312,1.1428570936596582e-05
2016-03-22,24.126937866210938,15.616000175476074,28.02400016784668,172.91610717773438,1.1706348685991197e-05
2016-03-23,23.993553161621094,14.838666915893555,28.48150062561035,171.77491760253906,1.1626984628420029e-05
2016-03-24,23.889562606811523,15.183333396911621,29.147499084472656,171.6988067626953,1.0912698649224782e-05
2016-03-28,23.781042098999023,15.350666999816895,28.993499755859375,171.8002471923828,1.0119047429826525e-05
2016-03-29,24.343982696533203,15.342000007629395,29.69300079345703,173.3894500732422,8.928571192045061e-06
2016-03-30,24.769001007080078,15.12600040435791,29.934499740600586,174.1502227783203,7.3412699358803885e-06
2016-03-31,24.640132904052734,15.317999839782715,29.68199920654297,173.72756958007812,7.658730305376506e-06
2016-04-01,24.866209030151367,15.839332580566406,29.924999237060547,174.91099548339844,8.650793442650448e-06
2016-04-04,25.12167739868164,16.465999603271484,29.659500122070312,174.34466552734375,7.261904695677379e-06
2016-04-05,24.82551383972168,17.031333923339844,29.30699920654297,172.60330200195312,8.650793442650448e-06
2016-04-06,25.085508346557617,17.69466781616211,30.104000091552734,174.48838806152344,8.730158682853456e-06
2016-04-07,24.538402557373047,17.14666748046875,29.571500778198242,172.400390625,8.730158682853456e-06
2016-04-08,24.565526962280273,16.67133331298828,29.729999542236328,172.8653564453125,8.650793442650448e-06
2016-04-11,24.64691925048828,16.661333084106445,29.796499252319336,172.45956420898438,8.333333073154328e-06
2016-04-12,24.96794891357422,16.521333694458008,30.15850067138672,174.06565856933594,9.126984292552585e-06
2016-04-13,25.32967185974121,16.968666076660156,30.740999221801758,175.82391357421875,8.849206543157971e-06
2016-04-14,25.343236923217773,16.790666580200195,31.037500381469727,175.8323516845703,8.531746173661852e-06
2016-04-15,24.834562301635742,16.96733283996582,31.29450035095215,175.6379852294922,8.333333073154328e-06
2016-04-18,24.298751831054688,16.92533302307129,31.767499923706055,176.87210083007812,7.85714281456811e-06
2016-04-19,24.169897079467773,16.4913330078125,31.395000457763672,177.42999267578125,8.531746173661852e-06
2016-04-20,24.21963119506836,16.6646671295166,31.649499893188477,177.59910583496094,8.650793442650448e-06
2016-04-21,23.957380294799805,16.55266761779785,31.549999237060547,176.6438751220703,8.928571192045061e-06
2016-04-22,23.891820907592773,16.916667938232422,31.024999618530273,176.6438751220703,8.928571192045061e-06
2016-04-25,23.75617790222168,16.788000106811523,31.309999465942383,176.33953857421875,9.444444662048703e-06
2016-04-26,23.591135025024414,16.916000366210938,30.8439998626709,176.60162353515625,9.722222411443317e-06
2016-04-27,22.1148624420166,16.764667510986328,30.328500747680664,176.965087890625,9.722222411443317e-06
2016-04-28,21.438880920410156,16.513999938964844,30.100000381469727,175.3589630126953,8.333333073154328e-06
2016-04-29,21.19245719909668,16.05066680908203,32.97949981689453,174.41224670410156,7.658730305376506e-06
2016-05-02,21.16985321044922,16.1200008392334,34.192501068115234,175.79855346679688,7.3412699358803885e-06
2016-05-03,21.51801109313965,15.48799991607666,33.566001892089844,174.26856994628906,8.055555323759714e-06
2016-05-04,21.294191360473633,14.837332725524902,33.54499816894531,173.29638671875,7.85714281456811e-06
2016-05-05,21.207761764526367,14.10200023651123,32.954498291015625,173.26263427734375,7.261904695677379e-06
2016-05-06,21.089487075805664,14.328666687011719,33.6974983215332,173.89657592773438,7.142857426688785e-06
2016-05-09,21.105411529541016,13.928000450134277,33.98749923706055,174.04031372070312,8.055555323759714e-06
2016-05-10,21.24870491027832,13.912667274475098,35.153499603271484,176.20433044433594,9.642857171240307e-06
2016-05-11,21.041725158691406,13.93066692352295,35.6614990234375,174.55596923828125,9.84126968043191e-06
2016-05-12,20.548145294189453,13.8186674118042,35.89649963378906,174.60667419433594,1.0238094698815117e-05
2016-05-13,20.589088439941406,13.840666770935059,35.49599838256836,173.08514404296875,1.0238094698815117e-05
2016-05-16,21.353334426879883,13.88599967956543,35.53300094604492,174.7926483154297,1.0238094698815117e-05
2016-05-17,21.264619827270508,13.644000053405762,34.76350021362305,173.16122436523438,1.0634920899830168e-05
2016-05-18,21.50800132751465,14.07800006866455,34.872501373291016,173.2119140625,1.0714286140033178e-05
2016-05-19,21.426116943359375,14.347332954406738,34.92599868774414,172.6117706298828,1.1507936176799594e-05
2016-05-20,21.65812110900879,14.685333251953125,35.13999938964844,173.70217895507812,1.1825397137611633e-05
2016-05-23,21.93333625793457,14.414667129516602,34.837501525878906,173.4655303955078,1.2420634665186443e-05
2016-05-24,22.267696380615234,14.52733325958252,35.209999084472656,175.71401977539062,1.3611110902967906e-05
2016-05-25,22.65891456604004,14.638667106628418,35.41749954223633,176.90591430664062,1.2499999905389453e-05
2016-05-26,22.83860969543457,15.008000373840332,35.74549865722656,176.95663452148438,1.0912698649224782e-05
2016-05-27,22.824949264526367,14.869333267211914,35.61199951171875,177.7174530029297,1.1825397137611633e-05
2016-05-31,22.713504791259766,14.881999969482422,36.13949966430664,177.37928771972656,1.1230158427404978e-05
2016-06-01,22.395065307617188,14.637332916259766,35.97200012207031,177.74278259277344,1.1706348685991197e-05
2016-06-02,22.22675132751465,14.597332954406738,36.4119987487793,178.28375244140625,1.0714286140033178e-05
2016-06-03,22.272235870361328,14.599332809448242,36.277000427246094,177.7511749267578,1.0714286140033178e-05
2016-06-06,22.433731079101562,14.711999893188477,36.33649826049805,178.6556854248047,9.92063492063492e-06
2016-06-07,22.52471923828125,15.489333152770996,36.1870002746582,178.93466186523438,1.0515872448209733e-05
2016-06-08,22.50425148010254,15.701333045959473,36.332000732421875,179.51792907714844,9.325396801744187e-06
2016-06-09,22.66573715209961,15.290666580200195,36.38249969482422,179.27273559570312,9.523809310935791e-06
2016-06-10,22.479228973388672,14.586000442504883,35.89550018310547,177.57371520996094,9.523809310935791e-06
2016-06-13,22.140317916870117,14.524666786193848,35.762001037597656,176.20433044433594,9.722222411443317e-06
2016-06-14,22.167621612548828,14.330666542053223,35.96500015258789,175.85772705078125,1.0436508390638564e-05
2016-06-15,22.094837188720703,14.513333320617676,35.7130012512207,175.61256408691406,1.0119047429826525e-05
2016-06-16,22.188087463378906,14.528667449951172,35.8754997253418,176.1366729736328,9.722222411443317e-06
2016-06-17,21.683137893676758,14.364666938781738,35.31949996948242,175.480712890625,9.84126968043191e-06
2016-06-20,21.630826950073242,14.646666526794434,35.70050048828125,176.61085510253906,9.84126968043191e-06
2016-06-21,21.8150577545166,14.640666961669922,35.79100036621094,177.11215209960938,1.0515872448209733e-05
2016-06-22,21.733177185058594,13.11066722869873,35.529998779296875,176.8232879638672,1.0634920899830168e-05
2016-06-23,21.858280181884766,13.09333324432373,36.104000091552734,179.1259002685547,1.0912698649224782e-05
2016-06-24,21.244155883789062,12.876667022705078,34.948001861572266,172.69369506835938,9.444444662048703e-06
2016-06-27,20.934810638427734,13.236666679382324,34.56800079345703,169.60076904296875,9.325396801744187e-06
2016-06-28,21.287370681762695,13.452667236328125,35.397499084472656,172.65969848632812,1.0317459939018129e-05
2016-06-29,21.47161102294922,14.012666702270508,35.779998779296875,175.59971618652344,1.0119047429826525e-05
2016-06-30,21.744543075561523,14.152000427246094,35.78099822998047,177.99586486816406,9.84126968043191e-06
2016-07-01,21.810514450073242,14.433333396911621,36.284000396728516,178.36972045898438,9.642857171240307e-06
2016-07-05,21.605806350708008,14.26533317565918,36.404998779296875,177.086669921875,9.444444662048703e-06
2016-07-06,21.72863006591797,14.295999526977539,36.88050079345703,178.1488037109375,1.0436508390638564e-05
2016-07-07,21.82188606262207,14.395999908447266,36.82849884033203,178.03829956054688,1.0714286140033178e-05
2016-07-08,21.99020004272461,14.45199966430664,37.29050064086914,180.6893768310547,1.0833333409021772e-05
2016-07-11,22.058443069458008,14.985333442687988,37.68899917602539,181.32669067382812,1.0912698649224782e-05
2016-07-12,22.158510208129883,14.976667404174805,37.410499572753906,182.6436767578125,1.1706348685991197e-05
2016-07-13,22.033416748046875,14.835332870483398,37.131500244140625,182.6182403564453,1.1825397137611633e-05
2016-07-14,22.47012710571289,14.768667221069336,37.060001373291016,183.63783264160156,1.2023809646803235e-05
2016-07-15,22.467853546142578,14.69333267211914,36.77199935913086,183.3914337158203,1.1825397137611633e-05
2016-07-18,22.706676483154297,15.083333015441895,36.80350112915039,183.8842315673828,1.1428570936596582e-05
2016-07-19,22.715782165527344,15.017333030700684,36.997501373291016,183.69735717773438,1.2301587396197849e-05
2016-07-20,22.736251831054688,15.223999977111816,37.2859992980957,184.46209716796875,1.2499999905389453e-05
2016-07-21,22.615697860717773,14.699999809265137,37.221500396728516,183.76531982421875,1.2023809646803235e-05
2016-07-22,22.44055938720703,14.817999839782715,37.24300003051758,184.58953857421875,1.2023809646803235e-05
2016-07-25,22.140317916870117,15.333999633789062,36.980499267578125,184.0882110595703,1.1825397137611633e-05
2016-07-26,21.987930297851562,15.300666809082031,36.77949905395508,184.17315673828125,1.2222222155994839e-05
2016-07-27,23.416332244873047,15.232666969299316,36.833499908447266,183.97775268554688,1.1230158427404978e-05
2016-07-28,23.732494354248047,15.37399959564209,37.63050079345703,184.190185546875,8.730158682853456e-06
2016-07-29,23.702922821044922,15.652667045593262,37.94049835205078,184.487548828125,9.523809310935791e-06
2016-08-01,24.121442794799805,15.333999633789062,38.387001037597656,184.33462524414062,9.444444662048703e-06
2016-08-02,23.764339447021484,15.146666526794434,38.02899932861328,183.153564453125,1.1111111158416386e-05
2016-08-03,24.062301635742188,15.052666664123535,37.731998443603516,183.6888427734375,1.0634920899830168e-05
2016-08-04,24.21095085144043,15.37399959564209,38.03850173950195,183.8842315673828,9.84126968043191e-06
2016-08-05,24.579132080078125,15.335332870483398,38.29899978637695,185.3882598876953,9.92063492063492e-06
2016-08-08,24.782665252685547,15.077333450317383,38.327999114990234,185.27780151367188,9.92063492063492e-06
2016-08-09,24.883281707763672,15.272000312805176,38.41550064086914,185.3882598876953,1.1626984628420029e-05
2016-08-10,24.698049545288086,15.043333053588867,38.428001403808594,184.92938232421875,1.0833333409021772e-05
2016-08-11,24.682039260864258,14.994000434875488,38.5620002746582,185.78761291503906,1.0912698649224782e-05
2016-08-12,24.739212036132812,15.040666580200195,38.62799835205078,185.62619018554688,1.0436508390638564e-05
2016-08-15,25.036500930786133,15.03933334350586,38.42449951171875,186.16146850585938,1.0912698649224782e-05
2016-08-16,25.01363182067871,14.907333374023438,38.20199966430664,185.2012939453125,1.1428570936596582e-05
2016-08-17,24.977041244506836,14.88266658782959,38.23149871826172,185.54969787597656,1.1428570936596582e-05
2016-08-18,24.945032119750977,14.900667190551758,38.222999572753906,185.966064453125,1.130952366760799e-05
2016-08-19,25.009063720703125,15.0,37.865501403808594,185.69412231445312,1.1626984628420029e-05
2016-08-22,24.814682006835938,14.862000465393066,37.9739990234375,185.68560791015625,1.1111111158416386e-05
2016-08-23,24.892433166503906,14.989333152770996,38.122501373291016,186.05950927734375,1.2103174887006245e-05
2016-08-24,24.704912185668945,14.841333389282227,37.86249923706055,185.10781860351562,1.2103174887006245e-05
2016-08-25,24.59971046447754,14.730667114257812,37.96099853515625,184.98040771484375,1.2103174887006245e-05
2016-08-26,24.45564842224121,14.666000366210938,38.45000076293945,184.6320037841797,1.2103174887006245e-05
2016-08-29,24.42820167541504,14.346667289733887,38.56449890136719,185.5411834716797,1.2103174887006245e-05
2016-08-30,24.24068260192871,14.089332580566406,38.37900161743164,185.2353515625,1.2896824923772659e-05
2016-08-31,24.263540267944336,14.133999824523926,38.45800018310547,184.70846557617188,1.2698412414581055e-05
2016-09-01,24.407621383666992,13.38466739654541,38.53099822998047,184.71690368652344,1.2499999905389453e-05
2016-09-02,24.636308670043945,13.185333251953125,38.62200164794922,185.54969787597656,1.2023809646803235e-05
2016-09-06,24.62944221496582,13.522000312805176,39.44350051879883,186.1105194091797,1.2023809646803235e-05
2016-09-07,24.78037452697754,13.447333335876465,39.2239990234375,186.09349060058594,1.3095238615596106e-05
2016-09-08,24.13090705871582,13.157333374023438,39.202999114990234,185.66868591308594,1.3214285884584698e-05
2016-09-09,23.5843448638916,12.964667320251465,38.00699996948242,181.22474670410156,1.3214285884584698e-05
2016-09-12,24.11261749267578,13.220000267028809,38.574501037597656,183.8247833251953,1.388888865236252e-05
2016-09-13,24.686613082885742,13.069999694824219,38.050498962402344,181.18218994140625,1.3690476143170916e-05
2016-09-14,25.560195922851562,13.093999862670898,38.054500579833984,181.1142578125,1.2499999905389453e-05
2016-09-15,26.429201126098633,13.361332893371582,38.484500885009766,182.92410278320312,1.1031745918213376e-05
2016-09-16,26.280555725097656,13.69333267211914,38.92599868774414,182.21701049804688,1.0833333409021772e-05
2016-09-19,25.974119186401367,13.755999565124512,38.755001068115234,182.2511749267578,9.444444662048703e-06
2016-09-20,25.971830368041992,13.642666816711426,39.01100158691406,182.25973510742188,1.1428570936596582e-05
2016-09-21,25.967252731323242,13.6813325881958,39.48699951171875,184.30931091308594,8.849206543157971e-06
2016-09-22,26.211946487426758,13.76200008392334,40.23500061035156,185.470703125,6.3492062072905275e-06
2016-09-23,25.7751522064209,13.829999923706055,40.287498474121094,184.4544677734375,6.547619307798053e-06
2016-09-26,25.81403350830078,13.932666778564453,39.95800018310547,182.9599609375,6.865079085978251e-06
2016-09-27,25.8620548248291,13.720666885375977,40.80550003051758,184.09576416015625,1.0119047429826525e-05
2016-09-28,26.058727264404297,13.751333236694336,41.43600082397461,185.00955200195312,1.0436508390638564e-05
2016-09-29,25.65395164489746,13.380000114440918,41.45249938964844,183.3357391357422,9.325396801744187e-06
2016-09-30,25.852909088134766,13.60200023651123,41.865501403808594,184.71926879882812,1.0317459939018129e-05
2016-10-03,25.731704711914062,14.24666690826416,41.83700180053711,184.27513122558594,1.1428570936596582e-05
2016-10-04,25.84147834777832,14.093999862670898,41.701499938964844,183.3357391357422,1.2499999905389453e-05
2016-10-05,25.852909088134766,13.897333145141602,42.21799850463867,184.14698791503906,1.2420634665186443e-05
2016-10-06,26.04500961303711,13.399999618530273,42.08300018310547,184.27513122558594,1.2301587396197849e-05
2016-10-07,26.083881378173828,13.107333183288574,41.971500396728516,183.64315795898438,1.2301587396197849e-05
2016-10-10,26.53896713256836,13.396666526794434,42.08549880981445,184.5996551513672,1.2222222155994839e-05
2016-10-11,26.59613609313965,13.34000015258789,41.54999923706055,182.2682342529297,1.2698412414581055e-05
2016-10-12,26.83397102355957,13.434000015258789,41.704498291015625,182.50738525390625,1.3492063633979314e-05
2016-10-13,26.751649856567383,13.349332809448242,41.4640007019043,181.90957641601562,1.0912698649224782e-05
2016-10-14,26.90028953552246,13.100666999816895,41.14799880981445,182.00347900390625,1.1507936176799594e-05
2016-10-17,26.881996154785156,12.93066692352295,40.647499084472656,181.37152099609375,1.1706348685991197e-05
2016-10-18,26.86370086669922,13.273332595825195,40.88249969482422,182.50738525390625,1.3214285884584698e-05
2016-10-19,26.783658981323242,13.570667266845703,40.884498596191406,182.99412536621094,1.2817460866201492e-05
2016-10-20,26.769939422607422,13.273332595825195,40.51599884033203,182.65257263183594,1.2698412414581055e-05
2016-10-21,26.664743423461914,13.339332580566406,40.949501037597656,182.73793029785156,1.2499999905389453e-05
2016-10-24,26.90486717224121,13.517333030700684,41.90449905395508,183.51507568359375,1.2420634665186443e-05
2016-10-25,27.04207420349121,13.489333152770996,41.75899887084961,182.90020751953125,1.2896824923772659e-05
2016-10-26,26.43377685546875,13.482666969299316,41.12950134277344,182.53292846679688,1.2420634665186443e-05
2016-10-27,26.179931640625,13.600666999816895,40.917999267578125,182.046142578125,1.0912698649224782e-05
2016-10-28,26.006128311157227,13.33133316040039,38.816001892089844,181.5081787109375,1.0833333409021772e-05
2016-10-31,25.964963912963867,13.182000160217285,39.49100112915039,181.5167694091797,1.1706348685991197e-05
2016-11-01,25.496164321899414,12.719332695007324,39.27050018310547,180.20155334472656,1.3690476143170916e-05
2016-11-02,25.51902961730957,12.534667015075684,38.27799987792969,179.11703491210938,1.3690476143170916e-05
2016-11-03,25.24549674987793,12.494667053222656,38.35150146484375,178.2971649169922,1.420634961317456e-05
2016-11-04,25.017934799194336,12.704000473022461,37.752498626708984,178.1007537841797,1.420634961317456e-05
2016-11-07,25.378820419311523,12.880666732788086,39.246498107910156,182.0291290283203,1.5476189908527193e-05
2016-11-08,25.528226852416992,12.996000289916992,39.38750076293945,182.84898376464844,1.6666666146308656e-05
2016-11-09,25.486852645874023,12.670666694641113,38.59400177001953,184.78753662109375,1.6587302088737487e-05
2016-11-10,24.776586532592773,12.356666564941406,37.11899948120117,185.24868774414062,1.817460334490216e-05
2016-11-11,24.923688888549805,12.570667266845703,36.95050048828125,184.8216552734375,1.817460334490216e-05
2016-11-14,24.298473358154297,12.096667289733887,35.95349884033203,184.96688842773438,1.9960318292890277e-05
2016-11-15,24.62027931213379,12.251333236694336,37.1619987487793,186.41009521484375,1.9365079582683625e-05
2016-11-16,25.28227424621582,12.26200008392334,37.324501037597656,186.05995178222656,1.7976190835710555e-05
2016-11-17,25.27307891845703,12.577333450317383,37.81999969482422,187.0164794921875,1.6666666146308656e-05
2016-11-18,25.298362731933594,12.334667205810547,38.007999420166016,186.5979766845703,1.6587302088737487e-05
2016-11-21,25.682228088378906,12.3013334274292,39.0,188.00709533691406,1.6666666146308656e-05
2016-11-22,25.698322296142578,12.744667053222656,39.26649856567383,188.37429809570312,1.884920611267998e-05
2016-11-23,25.56729507446289,12.87600040435791,39.00600051879883,188.47682189941406,1.924603231369503e-05
2016-11-25,25.696029663085938,13.109999656677246,39.01850128173828,189.17709350585938,1.9047618621871583e-05
2016-11-28,25.645456314086914,13.074666976928711,38.3385009765625,188.28892517089844,1.7857142384090123e-05
2016-11-29,25.62016487121582,12.637999534606934,38.125999450683594,188.65614318847656,1.8571428363285367e-05
2016-11-30,25.404098510742188,12.626667022705078,37.528499603271484,188.2035369873047,1.8571428363285367e-05
2016-12-01,25.167341232299805,12.125332832336426,37.182498931884766,187.5117645263672,1.817460334490216e-05
2016-12-02,25.26158905029297,12.097999572753906,37.016998291015625,187.60569763183594,1.8055556075913566e-05
2016-12-05,25.079999923706055,12.453332901000977,37.96799850463867,188.7329864501953,1.7976190835710555e-05
2016-12-06,25.27307891845703,12.390000343322754,38.236000061035156,189.33078002929688,1.924603231369503e-05
2016-12-07,25.521326065063477,12.876667022705078,38.520999908447266,191.80734252929688,1.9365079582683625e-05
2016-12-08,25.771879196166992,12.81933307647705,38.36650085449219,192.2770233154297,1.9444444822886633e-05
2016-12-09,26.19251823425293,12.812000274658203,38.43299865722656,193.4385528564453,2.0634919878036257e-05
2016-12-12,26.04311180114746,12.828666687011719,38.00600051879883,193.21644592285156,1.984126984126984e-05
2016-12-13,26.4775447845459,13.210000038146973,38.71699905395508,194.50599670410156,2.0753968329656692e-05
2016-12-14,26.4775447845459,13.246000289916992,38.441001892089844,192.90048217773438,2.0753968329656692e-05
2016-12-15,26.622358322143555,13.17199993133545,38.04999923706055,193.69467163085938,1.9365079582683625e-05
2016-12-16,26.656835556030273,13.499333381652832,37.88850021362305,193.31588745117188,1.924603231369503e-05
2016-12-19,26.810848236083984,13.51533317565918,38.29999923706055,193.73678588867188,1.8968253381668574e-05
2016-12-20,26.88210105895996,13.919333457946777,38.56100082397461,194.4841766357422,2.0357143311273484e-05
2016-12-21,26.90738296508789,13.846667289733887,38.529998779296875,193.94297790527344,1.9960318292890277e-05
2016-12-22,26.730388641357422,13.896666526794434,38.31700134277344,193.60792541503906,1.956349209187523e-05
2016-12-23,26.78325843811035,14.22266674041748,38.02949905395508,193.8914794921875,1.984126984126984e-05
2016-12-27,26.953357696533203,14.635333061218262,38.56999969482422,194.37249755859375,1.9642857332078237e-05
2016-12-28,26.838424682617188,14.649333000183105,38.60649871826172,192.7660675048828,1.9642857332078237e-05
2016-12-29,26.83152961730957,14.312000274658203,38.25749969482422,192.72312927246094,1.746031736570691e-05
2016-12-30,26.622358322143555,14.246000289916992,37.493499755859375,192.0187225341797,1.9047618621871583e-05
2017-01-03,26.698211669921875,14.465999603271484,37.68349838256836,193.48765563964844,1.884920611267998e-05
2017-01-04,26.6683292388916,15.13266658782959,37.85900115966797,194.63877868652344,2.055555582046509e-05
2017-01-05,26.80394744873047,15.116666793823242,39.022499084472656,194.4841766357422,2.015873080208188e-05
2017-01-06,27.102767944335938,15.267333030700684,39.79949951171875,195.1800079345703,1.9960318292890277e-05
2017-01-09,27.35100746154785,15.41866683959961,39.84600067138672,194.53565979003906,1.924603231369503e-05
2017-01-10,27.378597259521484,15.324666976928711,39.79499816894531,194.53565979003906,1.9960318292890277e-05
2017-01-11,27.52570915222168,15.315333366394043,39.95100021362305,195.08541870117188,1.9761904601066833e-05
2017-01-12,27.41077423095703,15.305999755859375,40.68199920654297,194.59584045410156,1.9960318292890277e-05
2017-01-13,27.362506866455078,15.850000381469727,40.856998443603516,195.04251098632812,2.0357143311273484e-05
2017-01-17,27.58317756652832,15.70533275604248,40.486000061035156,194.35528564453125,2.0357143311273484e-05
2017-01-18,27.580867767333984,15.890666961669922,40.374000549316406,194.78482055664062,2.0436507368844653e-05
2017-01-19,27.532611846923828,16.250667572021484,40.45199966430664,194.063232421875,1.9960318292890277e-05
2017-01-20,27.58317756652832,16.315332412719727,40.416500091552734,194.77622985839844,1.9047618621871583e-05
2017-01-23,27.6015567779541,16.594667434692383,40.89400100708008,194.2694091796875,1.876984087247697e-05
2017-01-24,27.576278686523438,16.974000930786133,41.12200164794922,195.51498413085938,1.956349209187523e-05
2017-01-25,28.015308380126953,16.96466636657715,41.82600021362305,197.20733642578125,1.916666707349202e-05
2017-01-26,28.029102325439453,16.833999633789062,41.95750045776367,197.0010986328125,1.9365079582683625e-05
2017-01-27,28.031396865844727,16.863332748413086,41.78850173950195,196.69186401367188,1.9761904601066833e-05
2017-01-30,27.957847595214844,16.708667755126953,41.51900100708008,195.47203063964844,1.9642857332078237e-05
2017-01-31,27.893482208251953,16.795333862304688,41.17399978637695,195.4548797607422,1.984126984126984e-05
2017-02-01,29.594444274902344,16.615999221801758,41.61750030517578,195.5321807861328,1.984126984126984e-05
2017-02-02,29.543872833251953,16.770000457763672,41.997501373291016,195.66102600097656,1.9365079582683625e-05
2017-02-03,29.67030143737793,16.755332946777344,40.5099983215332,197.0097198486328,1.9365079582683625e-05
2017-02-06,29.94842529296875,17.184667587280273,40.38199996948242,196.65745544433594,1.9960318292890277e-05
2017-02-07,30.23344612121582,17.165332794189453,40.625,196.66615295410156,2.083333238722786e-05
2017-02-08,30.350679397583008,17.472000122070312,40.98550033569336,196.92381286621094,2.083333238722786e-05
2017-02-09,30.569992065429688,17.946666717529297,41.06800079345703,198.09205627441406,2.0952380838848296e-05
2017-02-10,30.500732421875,17.948667526245117,41.37300109863281,198.873779296875,2.0753968329656692e-05
2017-02-13,30.770845413208008,18.706666946411133,41.826499938964844,199.95611572265625,2.0753968329656692e-05
2017-02-14,31.170225143432617,18.73200035095215,41.81949996948242,200.75502014160156,2.123015977087475e-05
2017-02-15,31.28333854675293,18.650667190551758,42.1349983215332,201.80311584472656,2.0634919878036257e-05
2017-02-16,31.24640464782715,17.93000030517578,42.207000732421875,201.63131713867188,2.015873080208188e-05
2017-02-17,31.331815719604492,18.148666381835938,42.253501892089844,201.9491424560547,2.015873080208188e-05
2017-02-21,31.558053970336914,18.492666244506836,42.821998596191406,203.1517791748047,2.0039682350461445e-05
2017-02-22,31.652725219726562,18.233999252319336,42.78049850463867,202.97134399414062,2.023809485965305e-05
2017-02-23,31.518817901611328,17.06599998474121,42.609500885009766,203.1088104248047,1.9761904601066833e-05
2017-02-24,31.548831939697266,17.133333206176758,42.262001037597656,203.3665008544922,1.9761904601066833e-05
2017-02-27,31.611175537109375,16.415332794189453,42.43199920654297,203.684326171875,1.9444444822886633e-05
2017-02-28,31.625001907348633,16.666000366210938,42.25199890136719,203.13461303710938,2.0753968329656692e-05
2017-03-01,32.27139663696289,16.667999267578125,42.65399932861328,205.97793579101562,2.4404762283204094e-05
2017-03-02,32.07978820800781,16.698667526245117,42.445499420166016,204.6807861328125,2.5595237338353714e-05
2017-03-03,32.26910400390625,16.771333694458008,42.49399948120117,204.80967712402344,2.710317571957906e-05
2017-03-06,32.167510986328125,16.747333526611328,42.330501556396484,204.19976806640625,2.7976189813916644e-05
2017-03-07,32.209083557128906,16.57266616821289,42.30099868774414,203.58984375,2.916666723432995e-05
2017-03-08,32.08903121948242,16.45800018310547,42.525001525878906,203.21189880371094,2.809523826553708e-05
2017-03-09,32.01515579223633,16.32666778564453,42.650001525878906,203.46958923339844,2.8293650774728687e-05
2017-03-10,32.1213493347168,16.246000289916992,42.62300109863281,204.18260192871094,2.8769842215946745e-05
2017-03-13,32.13520812988281,16.411333084106445,42.72949981689453,204.2856903076172,2.88888883023035e-05
2017-03-14,32.08673095703125,17.200000762939453,42.62649917602539,203.50392150878906,2.9880953213525197e-05
2017-03-15,32.426082611083984,17.048667907714844,42.64849853515625,205.2650146484375,2.8373014832299852e-05
2017-03-16,32.47917175292969,17.469999313354492,42.67100143432617,204.86122131347656,2.809523826553708e-05
2017-03-17,32.31757354736328,17.433332443237305,42.615501403808594,204.5013885498047,2.809523826553708e-05
2017-03-20,32.65694808959961,17.461332321166992,42.8484992980957,204.27713012695312,2.8174602323108248e-05
2017-03-21,32.2829475402832,16.711999893188477,42.15999984741211,201.65431213378906,2.9880953213525197e-05
2017-03-22,32.647701263427734,17.000667572021484,42.40299987792969,202.12879943847656,2.9682540704333593e-05
2017-03-23,32.53227615356445,16.985332489013672,42.36899948120117,201.91314697265625,2.9682540704333593e-05
2017-03-24,32.46763229370117,17.54400062561035,42.28049850463867,201.76644897460938,2.9682540704333593e-05
2017-03-27,32.52304458618164,18.014667510986328,42.340999603271484,201.5593719482422,3.00793657227168e-05
2017-03-28,33.1971435546875,18.496667861938477,42.79999923706055,203.026123046875,3.0674603250291616e-05
2017-03-29,33.27101516723633,18.492000579833984,43.715999603271484,203.21591186523438,2.9960317271096366e-05
2017-03-30,33.22713851928711,18.527999877929688,43.81700134277344,203.8629608154297,3.00793657227168e-05
2017-03-31,33.16482162475586,18.553333282470703,44.32699966430664,203.38848876953125,2.9285713320686706e-05
2017-04-03,33.174049377441406,19.90133285522461,44.57550048828125,203.03475952148438,2.9365079743521554e-05
2017-04-04,33.42107009887695,20.246667861938477,45.34149932861328,203.1641387939453,3.0952379817054386e-05
2017-04-05,33.24793243408203,19.666667938232422,45.4640007019043,202.56024169921875,3.0952379817054386e-05
2017-04-06,33.16482162475586,19.913333892822266,44.91400146484375,203.12965393066406,3.1269840777866425e-05
2017-04-07,33.09095001220703,20.16933250427246,44.74399948120117,202.92254638671875,3.166666579624963e-05
2017-04-10,33.05170440673828,20.826000213623047,45.35200119018555,203.04335021972656,3.1269840777866425e-05
2017-04-11,32.6961784362793,20.58066749572754,45.11800003051758,202.80174255371094,3.174603221908449e-05
2017-04-12,32.73543167114258,19.78933334350586,44.811500549316406,201.91314697265625,3.146825328705803e-05
2017-04-13,32.56229019165039,20.266666412353516,44.23350143432617,200.60179138183594,3.134920720070128e-05
2017-04-17,32.74235534667969,20.09600067138672,45.0994987487793,202.3790740966797,3.134920720070128e-05
2017-04-18,32.59691619873047,20.016666412353516,45.18899917602539,201.7751007080078,3.194444472827609e-05
2017-04-19,32.476863861083984,20.368000030517578,44.959999084472656,201.40406799316406,3.115079469150967e-05
2017-04-20,32.8831787109375,20.167333602905273,45.10300064086914,203.04335021972656,3.055555479867118e-05
2017-04-21,32.84393310546875,20.373332977294922,44.92649841308594,202.39633178710938,3.0277778231908405e-05
2017-04-24,33.16020202636719,20.53533363342285,45.37049865722656,204.6222381591797,3.055555479867118e-05
2017-04-25,33.36566925048828,20.91933250427246,45.38100051879883,205.81283569335938,3.206349317989652e-05
2017-04-26,33.169437408447266,20.67799949645996,45.464500427246094,205.6834259033203,3.186507830544124e-05
2017-04-27,33.19483947753906,20.575332641601562,45.91899871826172,205.85598754882812,3.115079469150967e-05
2017-04-28,33.162513732910156,20.937999725341797,46.2495002746582,205.40733337402344,3.0952379817054386e-05
2017-05-01,33.83892059326172,21.52199935913086,47.4114990234375,205.9249725341797,3.115079469150967e-05
2017-05-02,34.05361557006836,21.25933265686035,47.34700012207031,206.002685546875,3.3452380744237744e-05
2017-05-03,33.94972229003906,20.73466682434082,47.05149841308594,205.75245666503906,3.365079325342935e-05
2017-05-04,33.82737350463867,19.69733238220215,46.87649917602539,205.99404907226562,3.3928572185455806e-05
2017-05-05,34.388362884521484,20.55666732788086,46.70750045776367,206.8050079345703,3.444444329019577e-05
2017-05-08,35.32332229614258,20.479333877563477,47.45199966430664,206.7705535888672,3.4523809713030615e-05
2017-05-09,35.549564361572266,21.417333602905273,47.64099884033203,206.58070373535156,3.531745974979704e-05
2017-05-10,35.38104248046875,21.681333541870117,47.4474983215332,206.9517059326172,3.472222222222222e-05
2017-05-11,35.68702697753906,21.540000915527344,47.38100051879883,206.52894592285156,3.412698469464741e-05
2017-05-12,36.185420989990234,21.65399932861328,48.067501068115234,206.18382263183594,3.3928572185455806e-05
2017-05-15,36.09269714355469,21.058666229248047,47.89849853515625,207.32266235351562,3.424603078100416e-05
2017-05-16,36.03937911987305,21.134000778198242,48.30350112915039,207.1328887939453,3.531745974979704e-05
2017-05-17,34.82931900024414,20.407333374023438,47.237998962402344,203.4574737548828,3.472222222222222e-05
2017-05-18,35.36017990112305,20.87066650390625,47.92449951171875,204.27713012695312,3.543650820141747e-05
2017-05-19,35.4807243347168,20.722000122070312,47.992000579833984,205.60572814941406,3.523809569222586e-05
2017-05-22,35.6963005065918,20.690000534057617,48.53350067138672,206.64974975585938,3.4841270673842654e-05
2017-05-23,35.65227127075195,20.257333755493164,48.57699966430664,207.1070098876953,3.6230158238183885e-05
2017-05-24,35.545631408691406,20.681333541870117,49.01750183105469,207.59017944335938,3.5912697277371846e-05
2017-05-25,35.668479919433594,21.121999740600586,49.66899871826172,208.58229064941406,3.603174572899228e-05
2017-05-26,35.60820770263672,21.676000595092773,49.78900146484375,208.5391845703125,3.611111215182713e-05
2017-05-30,35.622127532958984,22.34000015258789,49.834999084472656,208.35801696777344,3.611111215182713e-05
2017-05-31,35.41117858886719,22.733999252319336,49.73099899291992,208.3062744140625,3.769841222535996e-05
2017-06-01,35.5085334777832,22.691333770751953,49.79750061035156,209.9627685546875,3.7619048167788795e-05
2017-06-02,36.03474044799805,22.656667709350586,50.33649826049805,210.66162109375,3.7817460676980396e-05
2017-06-05,35.682395935058594,23.154666900634766,50.56700134277344,210.50624084472656,3.7619048167788795e-05
2017-06-06,35.802921295166016,23.523332595825195,50.150001525878906,209.83334350585938,3.8015873186172e-05
2017-06-07,36.01619338989258,23.976667404174805,50.503501892089844,210.22161865234375,3.861111071374681e-05
2017-06-08,35.9281005859375,24.666667938232422,50.51350021362305,210.3251190185547,3.861111071374681e-05
2017-06-09,34.534934997558594,23.821332931518555,48.91550064086914,210.00588989257812,3.888888964577327e-05
2017-06-12,33.7097053527832,23.93400001525879,48.24549865722656,209.9627685546875,3.861111071374681e-05
2017-06-13,33.98090362548828,25.06333351135254,49.03950119018555,210.98948669433594,3.900793573213002e-05
2017-06-14,33.64942932128906,25.37733268737793,48.82350158691406,210.7220001220703,3.900793573213002e-05
2017-06-15,33.4477424621582,25.022666931152344,48.208499908447266,210.31646728515625,3.940476075051323e-05
2017-06-16,32.9794807434082,24.760000228881836,49.385501861572266,210.36244201660156,3.908730215496487e-05
2017-06-19,33.92295837402344,24.65333366394043,49.75849914550781,212.1137237548828,3.908730215496487e-05
2017-06-20,33.61464309692383,24.81599998474121,49.62950134277344,210.68321228027344,3.940476075051323e-05
2017-06-21,33.814002990722656,25.093332290649414,50.11149978637695,210.6311798095703,3.841269820455521e-05
2017-06-22,33.758384704589844,25.507333755493164,50.064998626708984,210.53579711914062,3.702381064021398e-05
2017-06-23,33.909053802490234,25.56333351135254,50.1870002746582,210.7872772216797,3.702381064021398e-05
2017-06-26,33.80241012573242,25.166000366210938,49.69900131225586,210.9259796142578,3.702381064021398e-05
2017-06-27,33.31793975830078,24.158000946044922,48.8390007019043,209.2267303466797,3.9285714664156475e-05
2017-06-28,33.80475616455078,24.749332427978516,49.51649856567383,211.0994110107422,3.908730215496487e-05
2017-06-29,33.30633544921875,24.049999237060547,48.79650115966797,209.24403381347656,3.980158813416012e-05
2017-06-30,33.385162353515625,24.107332229614258,48.400001525878906,209.6342010498047,3.940476075051323e-05
2017-07-03,33.264625549316406,23.507999420166016,47.68299865722656,209.98960876464844,3.968253968253968e-05
2017-07-05,33.401405334472656,21.805999755859375,48.56999969482422,210.4751434326172,4.04761897193061e-05
2017-07-06,33.08613204956055,20.588666915893555,48.25699996948242,208.55044555664062,4.000000064335172e-05
2017-07-07,33.42225646972656,20.881332397460938,48.9379997253418,209.90298461914062,4.000000064335172e-05
2017-07-10,33.62624740600586,21.06999969482422,49.82350158691406,210.1283721923828,4.019841315254333e-05
2017-07-11,33.73519515991211,21.814666748046875,49.70650100708008,209.97230529785156,4.0992063189309745e-05
2017-07-12,33.78388214111328,21.968000411987305,50.32550048828125,211.55020141601562,4.059523817092654e-05
2017-07-13,34.25444793701172,21.560667037963867,50.03150177001953,211.9055938720703,4.019841315254333e-05
2017-07-14,34.54883575439453,21.851999282836914,50.09049987792969,212.8939971923828,4.000000064335172e-05
2017-07-17,34.66939926147461,21.30466651916504,50.50199890136719,212.86798095703125,4.04761897193061e-05
2017-07-18,34.7899284362793,21.882667541503906,51.22249984741211,212.98068237304688,4.1269839756072514e-05
2017-07-19,35.00782012939453,21.68400001525879,51.34349822998047,214.13377380371094,4.305555706932431e-05
2017-07-20,34.85020065307617,21.994667053222656,51.435001373291016,214.22914123535156,4.4166668066902766e-05
2017-07-21,34.83396911621094,21.893333435058594,51.28350067138672,214.03843688964844,4.515873061286078e-05
2017-07-24,35.255863189697266,22.834667205810547,51.9474983215332,213.98641967773438,4.5634919688815166e-05
2017-07-25,35.40654754638672,22.639999389648438,51.993499755859375,214.50656127929688,4.535714312205238e-05
2017-07-26,35.57344055175781,22.92333221435547,52.63999938964844,214.5152587890625,4.345238208770752e-05
2017-07-27,34.90119171142578,22.297332763671875,52.29999923706055,214.31585693359375,4.277777577203418e-05
2017-07-28,34.65548324584961,22.33799934387207,51.00199890136719,214.064453125,4.1785713226076154e-05
2017-07-31,34.476985931396484,21.564666748046875,49.388999938964844,213.94305419921875,4.1785713226076154e-05
2017-08-01,34.78297805786133,21.30466651916504,49.80950164794922,214.41986083984375,4.198412573526776e-05
2017-08-02,36.42649841308594,21.72599983215332,49.794498443603516,214.52386474609375,4.166666477445572e-05
2017-08-03,36.06257629394531,23.139333724975586,49.34600067138672,214.10780334472656,4.198412573526776e-05
2017-08-04,36.25264358520508,23.79400062561035,49.37900161743164,214.4979248046875,4.1785713226076154e-05
2017-08-07,36.813629150390625,23.67799949645996,49.61349868774414,214.89669799804688,4.0992063189309745e-05
2017-08-08,37.108028411865234,24.347999572753906,49.492000579833984,214.36785888671875,4.0873014737689306e-05
2017-08-09,37.3351936340332,24.235332489013672,49.10049819946289,214.3592071533203,4.06746022284977e-05
2017-08-10,36.145999908447266,23.69333267211914,47.84600067138672,211.3334503173828,4.039682566173493e-05
2017-08-11,36.64867401123047,23.857999801635742,48.39950180053711,211.6455535888672,4.019841315254333e-05
2017-08-14,37.20021438598633,24.253332138061523,49.165000915527344,213.74362182617188,3.980158813416012e-05
2017-08-15,37.60747528076172,24.155332565307617,49.137001037597656,213.7176055908203,4.000000064335172e-05
2017-08-16,37.45622253417969,24.194000244140625,48.909000396728516,214.09046936035156,3.908730215496487e-05
2017-08-17,36.73710632324219,23.461332321166992,48.028499603271484,210.75259399414062,3.880952322293842e-05
2017-08-18,36.6533317565918,23.163999557495117,47.923500061035156,210.42315673828125,3.920634824132163e-05
2017-08-21,36.585838317871094,22.52400016784668,47.66450119018555,210.58787536621094,3.829364975293477e-05
2017-08-22,37.18393325805664,22.75666618347168,48.345001220703125,212.7899627685547,3.9484127173348075e-05
2017-08-23,37.230472564697266,23.51799964904785,47.900001525878906,212.02700805664062,3.888888964577327e-05
2017-08-24,37.06523895263672,23.528667449951172,47.622501373291016,211.5328369140625,3.9603175624968514e-05
2017-08-25,37.20254898071289,23.203332901000977,47.26300048828125,212.02700805664062,3.9484127173348075e-05
2017-08-28,37.57721710205078,23.04400062561035,47.30099868774414,212.03564453125,3.988095219173128e-05
2017-08-29,37.912349700927734,23.157333374023438,47.702999114990234,212.27845764160156,4.007936470092289e-05
2017-08-30,38.01472091674805,23.545333862304688,48.37950134277344,213.28416442871094,3.9603175624968514e-05
2017-08-31,38.16599655151367,23.726667404174805,49.029998779296875,214.5672149658203,3.880952322293842e-05
2017-09-01,38.17763137817383,23.69333267211914,48.912498474121094,214.8706817626953,3.908730215496487e-05
2017-09-05,37.71917724609375,23.305999755859375,48.26350021362305,213.32749938964844,3.900793573213002e-05
2017-09-06,37.67961883544922,22.968666076660156,48.38999938964844,214.05572509765625,4.1190475698501346e-05
2017-09-07,37.52834701538086,23.374000549316406,48.9734992980957,214.02972412109375,4.059523817092654e-05
2017-09-08,36.916290283203125,22.893333435058594,48.29499816894531,213.7783660888672,4.04761897193061e-05
2017-09-11,37.584190368652344,24.246000289916992,48.89799880981445,216.05844116210938,4.04761897193061e-05
2017-09-12,37.43526077270508,24.183332443237305,49.12900161743164,216.7866668701172,4.039682566173493e-05
2017-09-13,37.153663635253906,24.415332794189453,49.97999954223633,216.8907470703125,4.039682566173493e-05
2017-09-14,36.83485794067383,25.176000595092773,49.61050033569336,216.8214111328125,4.079365068011814e-05
2017-09-15,37.207191467285156,25.320667266845703,49.339500427246094,217.11326599121094,4.007936470092289e-05
2017-09-18,36.92559814453125,25.666667938232422,48.70949935913086,217.57508850097656,3.968253968253968e-05
2017-09-19,36.939571380615234,25.00666618347168,48.49300003051758,217.7928466796875,4.039682566173493e-05
2017-09-20,36.320533752441406,24.92733383178711,48.660499572753906,217.87130737304688,4.04761897193061e-05
2017-09-21,35.69683837890625,24.43199920654297,48.23249816894531,217.28753662109375,4.000000064335172e-05
2017-09-22,35.34775161743164,23.4060001373291,47.755001068115234,217.3311309814453,3.980158813416012e-05
2017-09-25,35.03593444824219,22.999332427978516,46.989498138427734,216.88673400878906,3.9603175624968514e-05
2017-09-26,35.638671875,23.016666412353516,46.93000030517578,217.0174560546875,4.1388888207692946e-05
2017-09-27,35.8923225402832,22.731332778930664,47.54349899291992,217.862548828125,4.1190475698501346e-05
2017-09-28,35.67124557495117,22.639999389648438,47.81999969482422,218.12396240234375,4.0873014737689306e-05
2017-09-29,35.86673355102539,22.739999771118164,48.067501068115234,218.8906707763672,4.079365068011814e-05
2017-10-02,35.794578552246094,22.768667221069336,47.95949935913086,219.84039306640625,4.019841315254333e-05
2017-10-03,35.95051193237305,23.209333419799805,47.85499954223633,220.31088256835938,4.107142724688091e-05
2017-10-04,35.71780014038086,23.667333602905273,48.272499084472656,220.57223510742188,4.1388888207692946e-05
2017-10-05,36.16228485107422,23.68866729736328,49.04249954223633,221.87918090820312,4.1388888207692946e-05
2017-10-06,36.14134216308594,23.79199981689453,49.479000091552734,221.62646484375,4.1388888207692946e-05
2017-10-09,36.26702117919922,22.862667083740234,49.54949951171875,221.26051330566406,4.1468252265264115e-05
2017-10-10,36.280982971191406,23.70599937438965,49.36000061035156,221.8442840576172,4.186507728364732e-05
2017-10-11,36.43224334716797,23.639999389648438,49.75,222.1928253173828,4.238095075365097e-05
2017-10-12,36.30424880981445,23.711999893188477,50.04650115966797,221.86175537109375,4.1785713226076154e-05
2017-10-13,36.534645080566406,23.704666137695312,50.14699935913086,222.13186645507812,4.166666477445572e-05
2017-10-16,37.207191467285156,23.373332977294922,50.31700134277344,222.42807006835938,4.186507728364732e-05
2017-10-17,37.34451675415039,23.71666717529297,50.45650100708008,222.58489990234375,4.257936326284257e-05
2017-10-18,37.179256439208984,23.976667404174805,49.849998474121094,222.802734375,4.238095075365097e-05
2017-10-19,36.29959487915039,23.45400047302246,49.330501556396484,222.8637237548828,4.2261907032557895e-05
2017-10-20,36.362422943115234,23.00666618347168,49.14550018310547,224.01377868652344,4.26587320509411e-05
2017-10-23,36.34381103515625,22.468000411987305,48.314998626708984,223.1425018310547,4.24603195417495e-05
2017-10-24,36.56024169921875,22.48933219909668,48.79499816894531,223.53460693359375,4.357143053932795e-05
2017-10-25,36.3996696472168,21.722667694091797,48.64550018310547,222.42807006835938,4.297618828122578e-05
2017-10-26,36.63238525390625,21.744667053222656,48.621498107910156,222.71556091308594,4.285714456013271e-05
2017-10-27,37.944908142089844,21.391332626342773,55.04750061035156,224.53651428222656,4.257936326284257e-05
2017-10-30,38.79899597167969,21.338666915893555,55.54249954223633,223.7001190185547,4.26587320509411e-05
2017-10-31,39.33890151977539,22.101999282836914,55.263999938964844,224.04859924316406,4.4563493085285974e-05
2017-11-01,38.83856201171875,21.405332565307617,55.183998107910156,224.34486389160156,4.515873061286078e-05
2017-11-02,39.12247848510742,19.950666427612305,54.71099853515625,224.43197631835938,4.515873061286078e-05
2017-11-03,40.144126892089844,20.4060001373291,55.58000183105469,225.18133544921875,4.555555563124399e-05
2017-11-06,40.5513801574707,20.185333251953125,56.03300094604492,225.52978515625,4.5952380649627205e-05
2017-11-07,40.681705474853516,20.40333366394043,56.15850067138672,225.37298583984375,4.714285570477683e-05
2017-11-08,41.014488220214844,20.292667388916016,56.64400100708008,225.75633239746094,4.7420637002066956e-05
2017-11-09,40.93070983886719,20.19933319091797,56.45650100708008,224.9373779296875,4.773809323235164e-05
2017-11-10,40.795249938964844,20.19933319091797,56.26750183105469,224.86761474609375,4.7619049511258563e-05
2017-11-13,40.63175964355469,21.02666664123535,56.458499908447266,225.07676696777344,4.702380725315639e-05
2017-11-14,40.01750946044922,20.579999923706055,56.84199905395508,224.5540313720703,4.9206349584791395e-05
2017-11-15,39.48966598510742,20.753332138061523,56.33449935913086,223.42999267578125,4.880952456640819e-05
2017-11-16,39.96145248413086,20.833332061767578,56.864498138427734,225.32940673828125,4.880952456640819e-05
2017-11-17,39.73957443237305,21.003332138061523,56.49399948120117,224.66722106933594,4.9206349584791395e-05
2017-11-20,39.699867248535156,20.582666397094727,56.31549835205078,225.0505828857422,4.9206349584791395e-05
2017-11-21,40.43790054321289,21.187332153320312,56.9744987487793,226.52308654785156,5.071428560075306e-05
2017-11-22,40.862979888916016,20.84000015258789,57.80799865722656,226.32269287109375,5.019841213074941e-05
2017-11-24,40.86532211303711,21.036666870117188,59.29999923706055,226.84542846679688,4.9206349584791395e-05
2017-11-27,40.6597900390625,21.12066650390625,59.791500091552734,226.73216247558594,4.853174799964541e-05
2017-11-28,40.42155456542969,21.170000076293945,59.68000030517578,229.03225708007812,5.019841213074941e-05
2017-11-29,39.58308792114258,20.502666473388672,58.063499450683594,228.89292907714844,4.992063556398664e-05
2017-11-30,40.13661575317383,20.59000015258789,58.837501525878906,230.89678955078125,4.9126985527220226e-05
2017-12-01,39.949771881103516,20.435333251953125,58.11750030517578,230.41763305664062,4.900793707559979e-05
2017-12-04,39.6578483581543,20.34666633605957,56.6974983215332,230.13890075683594,4.9404762093982996e-05
2017-12-05,39.620460510253906,20.246667861938477,57.07849884033203,229.3111572265625,5.091269810994466e-05
2017-12-06,39.473323822021484,20.884000778198242,57.61750030517578,229.3546600341797,5.011904807317824e-05
2017-12-07,39.54572677612305,20.749332427978516,57.989498138427734,230.077880859375,4.999999962155781e-05
2017-12-08,39.557403564453125,21.0086669921875,58.099998474121094,231.33248901367188,4.9722223054795035e-05
2017-12-11,40.328128814697266,21.92733383178711,58.44599914550781,232.02951049804688,5.011904807317824e-05
2017-12-12,40.10158157348633,22.735332489013672,58.25400161743164,232.43902587890625,5.1984124713473844e-05
2017-12-13,40.234718322753906,22.601999282836914,58.20650100708008,232.41287231445312,5.051587309156145e-05
2017-12-14,40.22303771972656,22.525999069213867,58.7130012512207,231.463134765625,5.091269810994466e-05
2017-12-15,40.63175964355469,22.89666748046875,58.957000732421875,233.3907012939453,5.099206216751583e-05
2017-12-18,41.2039680480957,22.591333389282227,59.52899932861328,234.87066650390625,5.2182541953192816e-05
2017-12-19,40.76487731933594,22.073333740234375,59.36899948120117,233.9687042236328,5.369047796915448e-05
2017-12-20,40.72052764892578,21.93199920654297,58.88100051879883,233.8460235595703,5.357142951753405e-05
2017-12-21,40.874656677246094,22.110666275024414,58.737998962402344,234.32772827148438,5.238095446238442e-05
2017-12-22,40.874656677246094,21.68000030517578,58.417999267578125,234.266357421875,5.1507935637519474e-05
2017-12-26,39.837669372558594,21.152666091918945,58.8380012512207,233.98617553710938,5.1706348146711075e-05
2017-12-27,39.84468078613281,20.775999069213867,59.112998962402344,234.0999755859375,5.5873015570262126e-05
2017-12-28,39.95677947998047,21.02400016784668,59.30500030517578,234.5816650390625,5.4365079554300456e-05
2017-12-29,39.52471160888672,20.75666618347168,58.4734992980957,233.6971893310547,5.376984202672565e-05
2018-01-02,40.23237609863281,21.368667602539062,59.45050048828125,235.36981201171875,5.46825405151125e-05
2018-01-03,40.22536849975586,21.149999618530273,60.209999084472656,236.85861206054688,5.4365079554300456e-05
2018-01-04,40.41221237182617,20.974666595458984,60.47949981689453,237.85684204101562,5.4365079554300456e-05
2018-01-05,40.87232208251953,21.10533332824707,61.457000732421875,239.44198608398438,5.4365079554300456e-05
2018-01-08,40.72052764892578,22.42733383178711,62.34349822998047,239.87985229492188,5.4761904572683664e-05
2018-01-09,40.71583557128906,22.246000289916992,62.6349983215332,240.42282104492188,5.6150792137024895e-05
2018-01-10,40.70650100708008,22.31999969482422,62.71649932861328,240.05502319335938,5.535714210025848e-05
2018-01-11,40.937713623046875,22.530000686645508,63.83399963378906,241.80638122558594,5.567460306107052e-05
2018-01-12,41.36045455932617,22.4146671295166,65.26000213623047,243.3828582763672,5.595237962783329e-05
2018-01-16,41.15024948120117,22.67066764831543,65.24299621582031,242.5509033203125,5.535714210025848e-05
2018-01-17,41.82990646362305,23.143999099731445,64.75,244.86268615722656,5.6150792137024895e-05
2018-01-18,41.867271423339844,22.971332550048828,64.66600036621094,244.4511260986328,5.575396711864169e-05
2018-01-19,41.680423736572266,23.334667205810547,64.72899627685547,245.5633087158203,5.567460306107052e-05
2018-01-22,41.33943557739258,23.437332153320312,66.3655014038086,247.56005859375,5.515872959106687e-05
2018-01-23,41.348777770996094,23.519332885742188,68.12699890136719,248.08544921875,5.6071428079453727e-05
2018-01-24,40.69015121459961,23.05933380126953,67.87550354003906,247.9890594482422,5.595237962783329e-05
2018-01-25,39.96379852294922,22.50933265686035,68.89749908447266,248.0941925048828,5.527777804268731e-05
2018-01-26,40.05720901489258,22.856666564941406,70.10250091552734,250.96646118164062,5.507936553349571e-05
2018-01-29,39.228092193603516,23.302000045776367,70.88400268554688,249.302734375,5.4563492063492063e-05
2018-01-30,38.99686813354492,23.05466651916504,71.89099884033203,246.7455291748047,5.65476171554081e-05
2018-01-31,39.104305267333984,23.62066650390625,72.54450225830078,246.8681182861328,5.6746029664599704e-05
2018-02-01,39.186065673828125,23.28333282470703,69.5,246.5879364013672,5.765872815298656e-05
2018-02-02,37.48575973510742,22.916667938232422,71.49749755859375,241.21969604492188,5.753968443189349e-05
2018-02-05,36.54920196533203,22.208667755126953,69.5,231.1312713623047,5.785714066217816e-05
2018-02-06,38.07666015625,22.264667510986328,72.14199829101562,235.68507385253906,5.904762044785515e-05
2018-02-07,37.26154708862305,23.0,70.83899688720703,234.4065704345703,6.011904705138434e-05
2018-02-08,36.236236572265625,21.01533317565918,67.5250015258789,225.6142120361328,6.011904705138434e-05
2018-02-09,36.67945861816406,20.69466781616211,66.9800033569336,229.00326538085938,6.051587206976755e-05
2018-02-12,38.1568489074707,21.048667907714844,69.3115005493164,232.36602783203125,6.0912697088150755e-05
2018-02-13,38.53909683227539,21.577333450317383,70.72550201416016,232.94406127929688,6.230158938301934e-05
2018-02-14,39.24964904785156,21.487333297729492,72.55249786376953,236.087890625,6.150793461572556e-05
2018-02-15,40.567604064941406,22.271333694458008,73.08799743652344,239.1004638671875,6.190475963410877e-05
2018-02-16,40.436275482177734,22.365999221801758,72.43450164794922,239.1704864501953,6.230158938301934e-05
2018-02-20,40.300262451171875,22.31800079345703,73.4175033569336,237.6729736328125,6.24206331041124e-05
2018-02-21,40.117340087890625,22.219999313354492,74.14600372314453,236.4907684326172,6.380952539898101e-05
2018-02-22,40.452693939208984,23.077999114990234,74.26699829101562,236.7972869873047,6.369047694736057e-05
2018-02-23,41.15621566772461,23.469999313354492,75.0,240.57164001464844,6.369047694736057e-05
2018-02-26,41.969970703125,23.827999114990234,76.09750366210938,243.36517333984375,6.380952539898101e-05
2018-02-27,41.83395004272461,23.39933204650879,75.5989990234375,240.3264923095703,6.488095200251019e-05
2018-02-28,41.7706298828125,22.87066650390625,75.62249755859375,237.8918914794922,6.420635041736421e-05
2018-03-01,41.038963317871094,22.062000274658203,74.67250061035156,234.4328155517578,6.309523941978576e-05
2018-03-02,41.322723388671875,22.341333389282227,75.01249694824219,235.64126586914062,6.369047694736057e-05
2018-03-05,41.46577072143555,22.22333335876465,76.18049621582031,238.36483764648438,6.448412698412699e-05
2018-03-06,41.43059158325195,21.8799991607666,76.88200378417969,238.96910095214844,6.519841296332222e-05
2018-03-07,41.04600143432617,22.15333366394043,77.25,238.8814697265625,6.547618953008501e-05
2018-03-08,41.49391555786133,21.940000534057617,77.59300231933594,240.0375518798828,6.488095200251019e-05
2018-03-09,42.20680618286133,21.81133270263672,78.94450378417969,244.2147216796875,6.488095200251019e-05
2018-03-12,42.6148567199707,23.034000396728516,79.91950225830078,243.90811157226562,6.519841296332222e-05
2018-03-13,42.204463958740234,22.78933334350586,79.40899658203125,242.33193969726562,6.70634943341452e-05
2018-03-14,41.845664978027344,21.775333404541016,79.55000305175781,241.08828735351562,6.817460533172366e-05
2018-03-15,41.89491271972656,21.706666946411133,79.11599731445312,240.82559204101562,6.876984285929846e-05
2018-03-16,41.7471809387207,21.42333221435547,78.58399963378906,241.08670043945312,6.896825536849007e-05
2018-03-19,41.10932540893555,20.90399932861328,77.24649810791016,237.8247528076172,6.857143035010686e-05
2018-03-20,41.095245361328125,20.703332901000977,79.32550048828125,238.2292022705078,6.976190540525649e-05
2018-03-21,40.164241790771484,21.101999282836914,79.09300231933594,237.7720184326172,6.785714437091161e-05
2018-03-22,39.596736907958984,20.606666564941406,77.24600219726562,231.8284454345703,6.678571303685506e-05
2018-03-23,38.67981719970703,20.1026668548584,74.77799987792969,226.88706970214844,6.698412554604667e-05
2018-03-26,40.5160026550293,20.278667449951172,77.79299926757812,233.09451293945312,6.765873186172e-05
2018-03-27,39.47713088989258,18.61199951171875,74.85250091552734,229.129150390625,6.876984285929846e-05
2018-03-28,39.040950775146484,17.185333251953125,71.57099914550781,228.45213317871094,6.72619068433368e-05
2018-03-29,39.34580993652344,17.742000579833984,72.36699676513672,231.37120056152344,6.626983956685142e-05
2018-04-02,39.08784866333008,16.832000732421875,68.59950256347656,226.3770751953125,6.678571303685506e-05
2018-04-03,39.48885726928711,17.8353328704834,69.60250091552734,229.27857971191406,6.797619282253204e-05
2018-04-04,40.24397659301758,19.12933349609375,70.52850341796875,231.73165893554688,6.619047550928025e-05
2018-04-05,40.523048400878906,20.381332397460938,72.5875015258789,233.56051635742188,6.646825207604302e-05
2018-04-06,39.48652648925781,19.953332901000977,70.2614974975586,228.3553924560547,6.666666458523462e-05
2018-04-09,39.87814712524414,19.310667037963867,70.30400085449219,229.4808807373047,6.646825207604302e-05
2018-04-10,40.628578186035156,20.31333351135254,71.81099700927734,233.1296844482422,6.72619068433368e-05
2018-04-11,40.438621520996094,20.062000274658203,71.35250091552734,231.90750122070312,6.718253805523827e-05
2018-04-12,40.837284088134766,19.60533332824707,72.42500305175781,233.8154296875,6.765873186172e-05
2018-04-13,40.975643157958984,20.022666931152344,71.53949737548828,233.1296844482422,6.817460533172366e-05
2018-04-16,41.23126220703125,19.413999557495117,72.07499694824219,235.0463409423828,6.797619282253204e-05
2018-04-17,41.79876708984375,19.179332733154297,75.19149780273438,237.56105041503906,6.964285695363604e-05
2018-04-18,41.704959869384766,19.55666732788086,76.39199829101562,237.73684692382812,7.023809448121085e-05
2018-04-19,40.523048400878906,20.005332946777344,77.84549713134766,236.41802978515625,7.075396795121451e-05
2018-04-20,38.86272430419922,19.349332809448242,76.37449645996094,234.413330078125,7.003968197201925e-05
2018-04-23,38.75017166137695,18.891332626342773,75.89299774169922,234.37823486328125,7.075396795121451e-05
2018-04-24,38.21078872680664,18.8973331451416,73.00450134277344,231.2217559814453,7.234126802474734e-05
2018-04-25,38.37728500366211,18.71266746520996,73.00849914550781,231.79324340820312,7.202381179446265e-05
2018-04-26,38.51096725463867,19.031999588012695,75.89800262451172,234.1495361328125,7.083333200878568e-05
2018-04-27,38.06540298461914,19.60533332824707,78.63099670410156,234.36941528320312,7.023809448121085e-05
2018-04-30,38.754852294921875,19.593332290649414,78.30650329589844,232.56698608398438,6.996031791444809e-05
2018-05-01,39.655364990234375,19.994667053222656,79.11299896240234,232.98020935058594,7.182539455474369e-05
2018-05-02,41.40713882446289,20.07666778564453,78.48400115966797,231.41513061523438,7.083333200878568e-05
2018-05-03,41.482177734375,18.963333129882812,78.60399627685547,230.9051971435547,7.095238046040611e-05
2018-05-04,43.10966873168945,19.606000900268555,79.04750061035156,233.8945770263672,7.115079296959771e-05
2018-05-07,43.42156219482422,20.184667587280273,80.00700378417969,234.6859588623047,7.115079296959771e-05
2018-05-08,43.63027572631836,20.131332397460938,79.61949920654297,234.6859588623047,7.281746183122907e-05
2018-05-09,43.93748092651367,20.456666946411133,80.4000015258789,236.95433044433594,7.321428684961228e-05
2018-05-10,44.56596374511719,20.334667205810547,80.4540023803711,239.16998291015625,7.321428684961228e-05
2018-05-11,44.3964729309082,20.070667266845703,80.14550018310547,239.89976501464844,7.380952437718708e-05
2018-05-14,44.292877197265625,19.46466636657715,80.0770034790039,240.01409912109375,7.361111186799548e-05
2018-05-15,43.89033889770508,18.94533348083496,78.80599975585938,238.36114501953125,7.44047619047619e-05
2018-05-16,44.29994201660156,19.09866714477539,79.36399841308594,239.3634033203125,7.40079368863787e-05
2018-05-17,44.019813537597656,18.96933364868164,79.08799743652344,239.16127014160156,7.392857282880753e-05
2018-05-18,43.85972213745117,18.454666137695312,78.71849822998047,238.5633544921875,7.361111186799548e-05
2018-05-21,44.17047119140625,18.965999603271484,79.27300262451172,240.3570098876953,7.392857282880753e-05
2018-05-22,44.05983352661133,18.333999633789062,79.06999969482422,239.6887969970703,7.511904788395716e-05
2018-05-23,44.34232711791992,18.60466766357422,80.09300231933594,240.34814453125,7.432539784719074e-05
2018-05-24,44.292877197265625,18.523332595825195,80.15350341796875,239.8557891845703,7.380952437718708e-05
2018-05-25,44.39411544799805,18.59000015258789,80.50749969482422,239.28428649902344,7.353174781042433e-05
2018-05-29,44.23403549194336,18.917333602905273,80.64350128173828,236.53225708007812,7.301587434042068e-05
2018-05-30,44.139869689941406,19.447999954223633,81.24449920654297,239.6887969970703,7.452381035638234e-05
2018-05-31,43.99156188964844,18.98200035095215,81.48100280761719,238.22039794921875,7.42063493955703e-05
2018-06-01,44.784915924072266,19.454666137695312,82.0770034790039,240.5592041015625,7.412698533799914e-05
2018-06-04,45.15921401977539,19.78266716003418,83.26349639892578,241.70220947265625,7.40079368863787e-05
2018-06-05,45.50761795043945,19.408666610717773,84.81749725341797,241.87806701660156,7.551587290234036e-05
2018-06-06,45.66535186767578,21.299999237060547,84.7874984741211,243.90028381347656,7.539682445071991e-05
2018-06-07,45.542930603027344,21.07266616821289,84.46499633789062,243.87400817871094,7.480158692314511e-05
2018-06-08,45.128597259521484,21.17733383178711,84.19950103759766,244.59490966796875,7.46031744139535e-05
2018-06-11,45.0179557800293,22.139999389648438,84.45600128173828,244.92019653320312,7.412698533799914e-05
2018-06-12,45.2651481628418,22.851333618164062,84.9375,245.23675537109375,7.492063537476556e-05
2018-06-13,44.893192291259766,22.985332489013672,85.24299621582031,244.4542236328125,7.519841194152831e-05
2018-06-14,44.91673278808594,23.847999572753906,86.19300079345703,245.06968688964844,7.472222286557394e-05
2018-06-15,44.45532989501953,23.878000259399414,85.79850006103516,244.757080078125,7.492063537476556e-05
2018-06-18,44.43178176879883,24.722000122070312,86.18949890136719,244.25364685058594,7.472222286557394e-05
2018-06-19,43.71377182006836,23.503332138061523,86.73899841308594,243.31739807128906,7.531746039314876e-05
2018-06-20,43.90445327758789,24.148000717163086,87.50399780273438,243.73257446289062,7.492063537476556e-05
2018-06-21,43.65961837768555,23.167333602905273,86.51100158691406,242.20458984375,7.499999943233671e-05
2018-06-22,43.53249740600586,22.242000579833984,85.78350067138672,242.64620971679688,7.42063493955703e-05
2018-06-25,42.8851203918457,22.200666427612305,83.15750122070312,239.34312438964844,7.353174781042433e-05
2018-06-26,43.41716384887695,22.799999237060547,84.55449676513672,239.87306213378906,7.511904788395716e-05
2018-06-27,43.35359573364258,22.96666717529297,83.02549743652344,237.88589477539062,7.46031744139535e-05
2018-06-28,43.66905212402344,23.32866668701172,85.07250213623047,239.24598693847656,7.46031744139535e-05
2018-06-29,43.577239990234375,22.863332748413086,84.98999786376953,239.59043884277344,7.46031744139535e-05
2018-07-02,44.06453323364258,22.33799934387207,85.68900299072266,240.1026611328125,7.519841194152831e-05
2018-07-03,43.297088623046875,20.724000930786133,84.697998046875,239.25474548339844,7.670634795748999e-05
2018-07-05,43.6454963684082,20.610666275024414,84.98650360107422,241.20668029785156,7.579364946910313e-05
2018-07-06,44.250518798828125,20.593332290649414,85.53150177001953,243.24685668945312,7.559523695991153e-05
2018-07-09,44.86493682861328,21.233999252319336,86.95099639892578,245.43710327148438,7.599206197829473e-05
2018-07-10,44.81079864501953,21.49799919128418,87.15350341796875,246.32022094726562,7.678571201506115e-05
2018-07-11,44.22932815551758,21.263999938964844,87.75,244.5186004638672,7.619047448748633e-05
2018-07-12,44.97087478637695,21.11400032043457,89.83100128173828,246.7353973388672,7.650793544829838e-05
2018-07-13,45.0415153503418,21.257999420166016,90.65149688720703,246.9296417236328,7.650793544829838e-05
2018-07-16,44.942626953125,20.67333221435547,91.12449645996094,246.7089385986328,7.690476046668159e-05
2018-07-17,45.06974411010742,21.512666702270508,92.19650268554688,247.70693969726562,7.837301681912135e-05
2018-07-18,44.822566986083984,21.59000015258789,92.14600372314453,248.22802734375,7.777777929154653e-05
2018-07-19,45.17097473144531,21.34866714477539,90.64849853515625,247.2917938232422,7.730158548506479e-05
2018-07-20,45.0673942565918,20.905332565307617,90.68499755859375,247.00921630859375,7.670634795748999e-05
2018-07-23,45.107421875,20.213333129882812,90.0999984741211,247.46839904785156,7.619047448748633e-05
2018-07-24,45.43465042114258,19.82866668701172,91.46199798583984,248.71371459960938,7.777777929154653e-05
2018-07-25,45.863094329833984,20.582666397094727,93.18049621582031,250.83338928222656,7.74999979942564e-05
2018-07-26,45.71949005126953,20.44333267211914,90.4000015258789,250.24163818359375,7.718254176397172e-05
2018-07-27,44.9591064453125,19.812000274658203,90.8635025024414,248.54588317871094,7.718254176397172e-05
2018-07-30,44.70721435546875,19.344667434692383,88.96099853515625,247.24765014648438,7.718254176397172e-05
2018-07-31,44.79666519165039,19.875999450683594,88.87200164794922,248.4664306640625,7.876984183750455e-05
2018-08-01,47.43565368652344,20.055999755859375,89.8584976196289,248.05128479003906,7.849206527074178e-05
2018-08-02,48.82223129272461,23.30266761779785,91.71649932861328,249.4026336669922,7.797619180073813e-05
2018-08-03,48.963478088378906,23.211332321166992,91.16449737548828,250.47122192382812,7.777777929154653e-05
2018-08-06,49.21772384643555,22.799333572387695,92.38749694824219,251.3897705078125,7.809524025235857e-05
2018-08-07,48.756317138671875,25.30466651916504,93.1240005493164,252.21994018554688,7.968253559536404e-05
2018-08-08,48.78925704956055,24.689332962036133,94.32599639892578,252.11398315429688,7.968253559536404e-05
2018-08-09,49.173004150390625,23.496667861938477,94.9260025024414,251.76954650878906,7.956349660479834e-05
2018-08-10,49.02653121948242,23.69933319091797,94.31500244140625,250.08262634277344,7.936507936507937e-05
2018-08-13,49.34309005737305,23.76066780090332,94.80999755859375,249.1465301513672,7.916666685588776e-05
2018-08-14,49.55097579956055,23.176000595092773,95.98249816894531,250.73619079589844,8.067460287184941e-05
2018-08-15,49.666744232177734,22.57933235168457,94.13099670410156,248.86386108398438,8.015872940184578e-05
2018-08-16,50.394351959228516,22.363332748413086,94.32599639892578,250.87744140625,7.996032162318154e-05
2018-08-17,51.400733947753906,20.366666793823242,94.11100006103516,251.7607421875,7.916666685588776e-05
2018-08-20,50.899906158447266,20.562667846679688,93.83550262451172,252.29946899414062,7.908730279831658e-05
2018-08-21,50.8006706237793,21.459999084472656,94.1709976196289,252.89120483398438,8.075397165994795e-05
2018-08-22,50.80303955078125,21.44266700744629,95.24500274658203,252.74110412597656,8.075397165994795e-05
2018-08-23,50.906986236572266,21.34000015258789,95.1449966430664,252.40550231933594,8.067460287184941e-05
2018-08-24,51.06526184082031,21.521333694458008,95.26950073242188,253.92457580566406,8.12698451299516e-05
2018-08-27,51.48576354980469,21.284666061401367,96.38400268554688,255.9293212890625,8.174602947537861e-05
2018-08-28,51.901546478271484,20.790666580200195,96.64099884033203,256.0530090332031,8.246032018510122e-05
2018-08-29,52.67641830444336,20.333999633789062,99.90499877929688,257.43084716796875,8.253967951214503e-05
2018-08-30,53.160701751708984,20.209999084472656,100.11900329589844,256.3885192871094,8.16666701483348e-05
2018-08-31,53.77490997314453,20.110666275024414,100.635498046875,256.3974609375,8.154762169671437e-05
2018-09-04,53.94737243652344,19.26333236694336,101.97550201416016,255.95587158203125,8.206349516671802e-05
2018-09-05,53.595367431640625,18.715999603271484,99.74099731445312,255.26693725585938,8.293650453052823e-05
2018-09-06,52.704750061035156,18.729999542236328,97.91549682617188,254.49856567382812,8.253967951214503e-05
2018-09-07,52.279518127441406,17.549333572387695,97.60350036621094,254.00399780273438,8.285714520348443e-05
2018-09-10,51.57789611816406,19.03333282470703,96.95050048828125,254.44557189941406,8.265872796376547e-05
2018-09-11,52.88193893432617,18.62933349609375,99.35749816894531,255.28457641601562,8.365079524025083e-05
2018-09-12,52.225196838378906,19.369333267211914,99.5,255.34649658203125,8.353174678863042e-05
2018-09-13,53.48670196533203,19.297332763671875,99.49349975585938,256.8566589355469,8.305555298214868e-05
2018-09-14,52.879573822021484,19.68000030517578,98.5094985961914,256.9009704589844,8.345237800053189e-05
2018-09-17,51.471595764160156,19.6560001373291,95.40149688720703,255.54075622558594,8.365079524025083e-05
2018-09-18,51.55664825439453,18.997333526611328,97.05249786376953,256.92742919921875,8.432539682539683e-05
2018-09-19,51.58735275268555,19.934667587280273,96.32099914550781,257.2012023925781,8.412697958567786e-05
2018-09-20,51.97950744628906,19.8886661529541,97.21499633789062,259.28533935546875,8.404762025863405e-05
2018-09-21,51.41961669921875,19.940000534057617,95.75050354003906,259.04852294921875,8.42460280372983e-05
2018-09-24,52.1590461730957,19.978666305541992,96.71800231933594,258.18792724609375,8.42460280372983e-05
2018-09-25,52.489784240722656,20.06599998474121,98.72750091552734,257.94842529296875,8.603174535055008e-05
2018-09-26,52.071632385253906,20.6386661529541,98.74250030517578,257.1766662597656,8.571428912026542e-05
2018-09-27,53.14179992675781,20.501333236694336,100.64900207519531,257.8952941894531,8.4920639083499e-05
2018-09-28,53.32843017578125,17.65133285522461,100.1500015258789,257.9217834472656,8.53174641018822e-05
2018-10-01,53.6875,20.713333129882812,100.21800231933594,258.8179016113281,8.551587188054645e-05
2018-10-02,54.16472625732422,20.06800079345703,98.56549835205078,258.6670837402344,8.630952191731287e-05
2018-10-03,54.823822021484375,19.65333366394043,97.63800048828125,258.8090515136719,8.611111413864862e-05
2018-10-04,53.85997772216797,18.788667678833008,95.47100067138672,256.7861633300781,8.611111413864862e-05
2018-10-05,52.98587417602539,17.463333129882812,94.48249816894531,255.34902954101562,8.591269689892965e-05
2018-10-08,52.863040924072266,16.70400047302246,93.22100067138672,255.34902954101562,8.591269689892965e-05
2018-10-09,53.595367431640625,17.520000457763672,93.51599884033203,254.9763946533203,8.670634693569607e-05
2018-10-10,51.11251449584961,17.125333786010742,87.76249694824219,246.90298461914062,8.809523923056467e-05
2018-10-11,50.661285400390625,16.815332412719727,85.96800231933594,241.464599609375,8.78968219908457e-05
2018-10-12,52.47087860107422,17.25200080871582,89.43049621582031,244.81820678710938,8.801587044246613e-05
2018-10-15,51.3487434387207,17.305999755859375,88.04750061035156,243.4430694580078,8.849206424894787e-05
2018-10-16,52.48032760620117,18.439332962036133,90.99800109863281,248.7661590576172,8.96825393040975e-05
2018-10-17,52.2535400390625,18.118667602539062,91.58650207519531,248.810546875,8.96825393040975e-05
2018-10-18,51.032203674316406,17.5939998626709,88.53600311279297,245.21742248535156,8.948413152543324e-05
2018-10-19,51.80940246582031,17.333332061767578,88.20149993896484,245.0843505859375,8.96825393040975e-05
2018-10-22,52.125972747802734,17.39666748046875,89.46499633789062,243.98426818847656,8.960317051599896e-05
2018-10-23,52.617347717285156,19.609333038330078,88.43499755859375,242.7421417236328,9.087301435924712e-05
2018-10-24,50.81248092651367,19.233333587646484,83.20999908447266,235.38739013671875,9.067460658058289e-05
2018-10-25,51.925174713134766,20.99066734313965,89.1084976196289,239.6103515625,9.047618934086392e-05
2018-10-26,51.09833526611328,22.059999465942383,82.1405029296875,235.3961944580078,9.019841277410113e-05
2018-10-29,50.13921356201172,22.323333740234375,76.94400024414062,234.09210205078125,8.96825393040975e-05
2018-10-30,50.38963317871094,21.99333381652832,76.52100372314453,237.5609588623047,9.059523779248435e-05
2018-10-31,51.703102111816406,22.488000869750977,79.90049743652344,240.0982666015625,9.03968300138201e-05
2018-11-01,52.49686050415039,22.95199966430664,83.27649688720703,242.65345764160156,9.00793643224807e-05
2018-11-02,49.01471710205078,23.0939998626709,83.27649688720703,241.2161865234375,9.019841277410113e-05
2018-11-05,47.62327194213867,22.760000228881836,81.38999938964844,242.54693603515625,8.999999553438216e-05
2018-11-06,48.138267517089844,22.737333297729492,82.1405029296875,244.08169555664062,9.166666439601353e-05
2018-11-07,49.598228454589844,23.21066665649414,87.77449798583984,249.30726623535156,9.166666439601353e-05
2018-11-08,49.42516326904297,23.426666259765625,87.74549865722656,248.85487365722656,9.138888782925076e-05
2018-11-09,48.472190856933594,23.367332458496094,85.62149810791016,246.4239044189453,9.126983937763033e-05
2018-11-12,46.03043746948242,22.0853328704834,81.84249877929688,241.81948852539062,9.126983937763033e-05
2018-11-13,45.57052993774414,22.582000732421875,81.55850219726562,241.36697387695312,9.107143159896609e-05
2018-11-14,44.28327941894531,22.933332443237305,79.95050048828125,239.71690368652344,9.226190665411572e-05
2018-11-15,45.376136779785156,23.229333877563477,80.97200012207031,242.21861267089844,9.166666439601353e-05
2018-11-16,45.87870788574219,23.62066650390625,79.67050170898438,242.84864807128906,9.126983937763033e-05
2018-11-19,44.06044006347656,23.564666748046875,75.614501953125,238.74098205566406,9.126983937763033e-05
2018-11-20,41.95532989501953,23.166000366210938,74.77300262451172,234.3227996826172,9.265873167249892e-05
2018-11-21,41.90790939331055,22.54599952697754,75.83650207519531,235.12120056152344,9.325396446954637e-05
2018-11-23,40.843505859375,21.722000122070312,75.10299682617188,233.55091857910156,9.317460514250255e-05
2018-11-26,41.39585876464844,23.066667556762695,79.06649780273438,237.3214111328125,9.297618790278358e-05
2018-11-27,41.30577850341797,22.92799949645996,79.07099914550781,238.11990356445312,9.33730129211668e-05
2018-11-28,42.89410400390625,23.191333770751953,83.88749694824219,243.60279846191406,9.265873167249892e-05
2018-11-29,42.564579010009766,22.744667053222656,83.67849731445312,243.0703887939453,9.166666439601353e-05
2018-11-30,42.33462142944336,23.365333557128906,84.50849914550781,244.5519561767578,9.158730506896972e-05
2018-12-03,43.81389617919922,23.89933204650879,88.61799621582031,247.7901611328125,9.07936550322033e-05
2018-12-04,41.8865852355957,23.979999542236328,83.41999816894531,239.76119995117188,9.384920672764854e-05
2018-12-06,41.41957092285156,24.20400047302246,84.95950317382812,239.39749145507812,9.33730129211668e-05
2018-12-07,39.94267272949219,23.864667892456055,81.45649719238281,233.8348388671875,9.285713945116316e-05
2018-12-10,40.205806732177734,24.343332290649414,82.05149841308594,234.27845764160156,9.246031443277995e-05
2018-12-11,39.97585678100586,24.450666427612305,82.16200256347656,234.3316650390625,9.404761450631278e-05
2018-12-12,40.0872802734375,24.440000534057617,83.177001953125,235.51161193847656,9.424603174603175e-05
2018-12-13,40.52584457397461,25.119333267211914,82.91899871826172,235.43174743652344,9.376983793955e-05
2018-12-14,39.2291145324707,24.380666732788086,79.59549713134766,231.0845489501953,9.396825517926897e-05
2018-12-17,38.86403274536133,23.22800064086914,76.04550170898438,226.5510711669922,9.285713945116316e-05
2018-12-18,39.36898422241211,22.468666076660156,77.5739974975586,226.3026885986328,9.238095510573614e-05
2018-12-19,38.14099884033203,22.197999954223633,74.75399780273438,222.91357421875,9.277778012411935e-05
2018-12-20,37.178524017333984,21.025333404541016,73.04149627685547,219.28500366210938,9.265873167249892e-05
2018-12-21,35.73243713378906,21.31800079345703,68.87249755859375,214.79197692871094,9.246031443277995e-05
2018-12-24,34.80789566040039,19.69266700744629,67.197998046875,209.11654663085938,9.257936288440038e-05
2018-12-26,37.25912857055664,21.73933219909668,73.54499816894531,219.68214416503906,9.444444898575071e-05
2018-12-27,37.01731491088867,21.075332641601562,73.08200073242188,221.3686981201172,9.317460514250255e-05
2018-12-28,37.036285400390625,22.257999420166016,73.9010009765625,221.0831298828125,9.238095510573614e-05
2018-12-31,37.39424514770508,22.18666648864746,75.09850311279297,223.01959228515625,9.126983937763033e-05
2019-01-02,37.43691635131836,20.674667358398438,76.95649719238281,223.25157165527344,9.384920672764854e-05
2019-01-03,33.707923889160156,20.02400016784668,75.01399993896484,217.9241943359375,9.345238170926534e-05
2019-01-04,35.14690017700195,21.179332733154297,78.76950073242188,225.2237091064453,9.357143016088577e-05
2019-01-07,35.06865310668945,22.33066749572754,81.47550201416016,226.99948120117188,9.33730129211668e-05
2019-01-08,35.73717498779297,22.356666564941406,82.8290023803711,229.13226318359375,9.523809902251713e-05
2019-01-09,36.34406280517578,22.568666458129883,82.97100067138672,230.20303344726562,9.484127400413391e-05
2019-01-10,36.46022033691406,22.99799919128418,82.81099700927734,231.01519775390625,9.424603174603175e-05
2019-01-11,36.10226058959961,23.150667190551758,82.02799987792969,231.10435485839844,9.404761450631278e-05
2019-01-14,35.55937957763672,22.293333053588867,80.8604965209961,229.6944122314453,9.365078948792958e-05
2019-01-15,36.28715515136719,22.961999893188477,83.72799682617188,232.326904296875,9.456348797631641e-05
2019-01-16,36.73047637939453,23.06999969482422,84.18900299072266,232.88909912109375,9.376983793955e-05
2019-01-17,36.94857406616211,23.15399932861328,84.66100311279297,234.656005859375,9.345238170926534e-05
2019-01-18,37.176143646240234,20.150667190551758,84.80999755859375,237.7792510986328,9.317460514250255e-05
2019-01-22,36.34169387817383,19.92799949645996,81.6084976196289,234.5667724609375,9.305555669088212e-05
2019-01-23,36.48866653442383,19.172666549682617,82.0009994506836,235.0575714111328,9.33730129211668e-05
2019-01-24,36.19944381713867,19.43400001525879,82.74649810791016,235.18243408203125,9.14682566173493e-05
2019-01-25,37.39898681640625,19.80266761779785,83.52850341796875,237.1724853515625,9.238095510573614e-05
2019-01-28,37.05287551879883,19.7586669921875,81.89450073242188,235.3699188232422,9.257936288440038e-05
2019-01-29,36.66883850097656,19.83066749572754,79.69400024414062,235.0575714111328,9.384920672764854e-05
2019-01-30,39.174583435058594,20.584667205810547,83.52149963378906,238.77870178222656,9.384920672764854e-05
2019-01-31,39.45668411254883,20.468000411987305,85.9365005493164,240.875732421875,9.285713945116316e-05
2019-02-01,39.47565841674805,20.81399917602539,81.3115005493164,240.99176025390625,9.285713945116316e-05
2019-02-04,40.59695816040039,20.859333038330078,81.66549682617188,242.6872100830078,9.265873167249892e-05
2019-02-05,41.291561126708984,21.42333221435547,82.94049835205078,243.7045135498047,9.384920672764854e-05
2019-02-06,41.30577850341797,21.148000717163086,82.01300048828125,243.38327026367188,9.384920672764854e-05
2019-02-07,40.52347183227539,20.500667572021484,80.71849822998047,241.0631103515625,9.345238170926534e-05
2019-02-08,40.571083068847656,20.386667251586914,79.41100311279297,241.35763549804688,9.384920672764854e-05
2019-02-11,40.33776092529297,20.856000900268555,79.55000305175781,241.49143981933594,9.424603174603175e-05
2019-02-12,40.685367584228516,20.78733253479004,81.90049743652344,244.596923828125,9.436508019765218e-05
2019-02-13,40.51633071899414,20.544666290283203,82.0,245.39111328125,9.416666295793321e-05
2019-02-14,40.66393280029297,20.251333236694336,81.13249969482422,244.84681701660156,9.416666295793321e-05
2019-02-15,40.57346725463867,20.525333404541016,80.39749908447266,247.51498413085938,9.404761450631278e-05
2019-02-19,40.694881439208984,20.375999450683594,81.37899780273438,247.9432830810547,9.416666295793321e-05
2019-02-20,40.95676803588867,20.17066764831543,81.1050033569336,248.4430389404297,9.456348797631641e-05
2019-02-21,40.7258415222168,19.415332794189453,80.97200012207031,247.55960083007812,9.503968178279817e-05
2019-02-22,41.18056869506836,19.6473331451416,81.5780029296875,249.0944366455078,9.496031299469963e-05
2019-02-25,41.48055648803711,19.917999267578125,81.6500015258789,249.43353271484375,9.496031299469963e-05
2019-02-26,41.50435256958008,19.857332229614258,81.81999969482422,249.2550811767578,9.523809902251713e-05
2019-02-27,41.632911682128906,20.982667922973633,82.05449676513672,249.14794921875,9.496031299469963e-05
2019-02-28,41.22343063354492,21.325332641601562,81.99150085449219,248.68402099609375,9.456348797631641e-05
2019-03-01,41.65673065185547,19.652666091918945,83.58650207519531,250.23670959472656,9.436508019765218e-05
2019-03-04,41.866241455078125,19.02400016784668,84.80850219726562,249.32644653320312,9.424603174603175e-05
2019-03-05,41.79004669189453,18.43600082397461,84.62149810791016,248.9873504638672,9.523809902251713e-05
2019-03-06,41.54959487915039,18.416000366210938,83.44750213623047,247.47926330566406,9.543650680118137e-05
2019-03-07,41.06867599487305,18.439332962036133,81.29750061035156,245.40899658203125,9.503968178279817e-05
2019-03-08,41.16627883911133,18.94266700744629,81.04000091552734,244.918212890625,9.496031299469963e-05
2019-03-11,42.592369079589844,19.39466667175293,83.53099822998047,248.4697265625,9.444444898575071e-05
2019-03-12,43.0709228515625,18.890666961669922,83.65499877929688,249.40676879882812,9.503968178279817e-05
2019-03-13,43.26137924194336,19.263999938964844,84.54049682617188,251.05758666992188,9.476190521603539e-05
2019-03-14,43.742305755615234,19.33066749572754,84.31099700927734,250.89695739746094,9.476190521603539e-05
2019-03-15,44.31131362915039,18.36199951171875,85.61799621582031,252.13658142089844,9.476190521603539e-05
2019-03-18,44.76365661621094,17.965999603271484,87.10749816894531,253.05075073242188,9.464285676441495e-05
2019-03-19,44.4089241027832,17.83133316040039,88.09249877929688,253.11349487304688,9.543650680118137e-05
2019-03-20,44.7969856262207,18.239999771118164,89.8635025024414,252.35177612304688,9.55555552528018e-05
2019-03-21,46.446868896484375,18.26799964904785,90.96299743652344,255.2019500732422,9.55555552528018e-05
2019-03-22,45.48503112792969,17.635332107543945,88.2385025024414,250.29017639160156,9.51587302344186e-05
2019-03-25,44.93508529663086,17.3613338470459,88.71299743652344,250.1019744873047,9.484127400413391e-05
2019-03-26,44.47081756591797,17.851333618164062,89.18800354003906,251.96636962890625,9.543650680118137e-05
2019-03-27,44.87080001831055,18.32200050354004,88.28500366210938,250.64874267578125,9.436508019765218e-05
2019-03-28,44.930320739746094,18.57466697692871,88.6709976196289,251.59866333007812,9.404761450631278e-05
2019-03-29,45.2231559753418,18.657333374023438,89.0374984741211,253.1851806640625,9.238095510573614e-05
2019-04-01,45.53028106689453,19.278667449951172,90.70950317382812,256.187744140625,9.218253786601717e-05
2019-04-02,46.1921501159668,19.058666229248047,90.6989974975586,256.3133239746094,9.404761450631278e-05
2019-04-03,46.508785247802734,19.45400047302246,91.03500366210938,256.7166748046875,9.416666295793321e-05
2019-04-04,46.5897216796875,17.851999282836914,90.94300079345703,257.3978271484375,9.404761450631278e-05
2019-04-05,46.901611328125,18.33066749572754,91.86399841308594,258.6437683105469,9.404761450631278e-05
2019-04-08,47.63965606689453,18.213333129882812,92.49299621582031,258.8408203125,9.384920672764854e-05
2019-04-09,47.49681854248047,18.15399932861328,91.79199981689453,257.51434326171875,9.384920672764854e-05
2019-04-10,47.763458251953125,18.40399932861328,92.36650085449219,258.3927001953125,9.376983793955e-05
2019-04-11,47.36587905883789,17.89466667175293,92.20349884033203,258.32098388671875,9.384920672764854e-05
2019-04-12,47.346824645996094,17.84666633605957,92.15299987792969,260.0687561035156,9.424603174603175e-05
2019-04-15,47.432525634765625,17.7586669921875,92.24349975585938,259.89849853515625,9.365078948792958e-05
2019-04-16,47.437286376953125,18.224000930786133,93.1520004272461,260.0687561035156,9.436508019765218e-05
2019-04-17,48.36104202270508,18.082000732421875,93.24099731445312,259.4324645996094,9.444444898575071e-05
2019-04-18,48.53483581542969,18.21733283996582,93.08450317382812,259.9433288574219,9.384920672764854e-05
2019-04-22,48.69434356689453,17.516666412353516,94.3655014038086,260.16741943359375,9.424603174603175e-05
2019-04-23,49.396690368652344,17.593332290649414,96.1884994506836,262.5067138671875,9.484127400413391e-05
2019-04-24,49.320491790771484,17.243999481201172,95.0875015258789,261.9241638183594,9.424603174603175e-05
2019-04-25,48.872920989990234,16.5086669921875,95.11250305175781,261.7627258300781,9.384920672764854e-05
2019-04-26,48.63959503173828,15.675999641418457,97.53150177001953,262.98175048828125,9.365078948792958e-05
2019-04-29,48.71339416503906,16.097999572753906,96.92150115966797,263.39410400390625,9.365078948792958e-05
2019-04-30,47.775367736816406,15.912667274475098,96.32599639892578,263.5284423828125,9.396825517926897e-05
2019-05-01,50.12044906616211,15.600666999816895,95.57599639892578,261.54766845703125,9.376983793955e-05
2019-05-02,49.794273376464844,16.273332595825195,95.04100036621094,260.98297119140625,9.416666295793321e-05
2019-05-03,50.41328048706055,17.00200080871582,98.12300109863281,263.5375061035156,9.396825517926897e-05
2019-05-06,49.634765625,17.022666931152344,97.52749633789062,262.4530029296875,9.376983793955e-05
2019-05-07,48.2967529296875,16.470666885375977,96.05000305175781,258.0700378417969,9.396825517926897e-05
2019-05-08,48.306278228759766,16.32266616821289,95.88849639892578,257.71148681640625,9.404761450631278e-05
2019-05-09,47.78727722167969,16.131999969482422,94.99349975585938,256.9317626953125,9.404761450631278e-05
2019-05-10,47.1252555847168,15.968000411987305,94.4990005493164,258.2224426269531,9.404761450631278e-05
2019-05-13,44.386356353759766,15.133999824523926,91.13400268554688,251.7332305908203,9.325396446954637e-05
2019-05-14,45.08901596069336,15.487333297729492,92.00599670410156,254.00978088378906,9.33730129211668e-05
2019-05-15,45.6291389465332,15.463333129882812,93.55750274658203,255.4977264404297,9.325396446954637e-05
2019-05-16,45.42836380004883,15.222000122070312,95.37850189208984,257.8638916015625,9.277778012411935e-05
2019-05-17,45.1702766418457,14.0686674118042,93.44999694824219,256.19677734375,9.246031443277995e-05
2019-05-20,43.75779724121094,13.690667152404785,92.94850158691406,254.50279235839844,9.206348941439675e-05
2019-05-21,44.596675872802734,13.67199993133545,92.8759994506836,256.7973937988281,9.246031443277995e-05
2019-05-22,43.683712005615234,12.84866714477539,92.98400115966797,256.00860595703125,9.206348941439675e-05
2019-05-23,42.93804168701172,13.03266716003418,90.77400207519531,252.88050842285156,9.138888782925076e-05
2019-05-24,42.773128509521484,12.708666801452637,91.16400146484375,253.45411682128906,9.07936550322033e-05
2019-05-28,42.59627151489258,12.579999923706055,91.82150268554688,251.09693908691406,9.119048005058652e-05
2019-05-29,42.39313507080078,12.657333374023438,90.95950317382812,249.41175842285156,9.119048005058652e-05
2019-05-30,42.613006591796875,12.54800033569336,90.81600189208984,250.0930633544922,9.166666439601353e-05
2019-05-31,41.8410530090332,12.343999862670898,88.75350189208984,246.7229461669922,9.099206281086755e-05
2019-06-03,41.418025970458984,11.9313325881958,84.6344985961914,246.0955810546875,9.047618934086392e-05
2019-06-04,42.93326187133789,12.90666675567627,86.47799682617188,251.4374237060547,9.107143159896609e-05
2019-06-05,43.62635040283203,13.105999946594238,86.92500305175781,253.6154022216797,9.067460658058289e-05
2019-06-06,44.26685333251953,13.729999542236328,87.71800231933594,255.2646942138672,8.948413152543324e-05
2019-06-07,45.445091247558594,13.633333206176758,90.20149993896484,257.819091796875,8.78968219908457e-05
2019-06-10,46.0258674621582,14.192000389099121,93.03150177001953,259.00225830078125,8.809523923056467e-05
2019-06-11,46.558834075927734,14.473333358764648,93.18499755859375,258.93939208984375,8.781746266380189e-05
2019-06-12,46.41066360473633,13.950667381286621,92.76599884033203,258.48236083984375,8.591269689892965e-05
2019-06-13,46.401100158691406,14.260666847229004,93.51499938964844,259.5489196777344,8.4920639083499e-05
2019-06-14,46.064125061035156,14.32800006866455,93.4834976196289,259.2621765136719,8.432539682539683e-05
2019-06-17,46.33893966674805,15.001999855041504,94.30149841308594,259.3606262207031,8.484127029540047e-05
2019-06-18,47.428768157958984,14.982666969299316,95.06849670410156,262.076416015625,8.603174535055008e-05
2019-06-19,47.29015350341797,15.095333099365234,95.43949890136719,262.6680603027344,8.432539682539683e-05
2019-06-20,47.670162200927734,14.641332626342773,95.90950012207031,265.177734375,8.246032018510122e-05
2019-06-21,47.50764846801758,14.790666580200195,95.56500244140625,264.792236328125,8.154762169671437e-05
2019-06-24,47.45984649658203,14.909333229064941,95.69499969482422,264.4679870605469,8.16666701483348e-05
2019-06-25,46.740478515625,14.650667190551758,93.91349792480469,261.8741149902344,8.265872796376547e-05
2019-06-26,47.751434326171875,14.618000030517578,94.8915023803711,261.61285400390625,8.305555298214868e-05
2019-06-27,47.737083435058594,14.855999946594238,95.21399688720703,262.5404968261719,8.2738096751864e-05
2019-06-28,47.3021125793457,14.897333145141602,94.68150329589844,263.8915710449219,8.075397165994795e-05
2019-07-01,48.1696662902832,15.14466667175293,96.1094970703125,266.2872619628906,8.194444671509758e-05
2019-07-02,48.451683044433594,14.970000267028809,96.71549987792969,266.98077392578125,8.523809531378367e-05
2019-07-03,48.853179931640625,15.65999984741211,96.94999694824219,269.1153259277344,8.53174641018822e-05
2019-07-05,48.81017303466797,15.539999961853027,97.14550018310547,268.80914306640625,8.583333757188585e-05
2019-07-08,47.80400848388672,15.355999946594238,97.61599731445312,267.3320007324219,8.64285703689333e-05
2019-07-09,48.09557342529297,15.337332725524902,99.41500091552734,267.66534423828125,8.710317195407928e-05
2019-07-10,48.5711784362793,15.928000450134277,100.87049865722656,268.9442138671875,8.452381406511579e-05
2019-07-11,48.21746826171875,15.90666675567627,100.05349731445312,269.5746765136719,8.325397022186763e-05
2019-07-12,48.587913513183594,16.338666915893555,100.55000305175781,270.7815246582031,8.293650453052823e-05
2019-07-15,49.04439926147461,16.899999618530273,101.04949951171875,270.8716735839844,8.2738096751864e-05
2019-07-16,48.87470626831055,16.825332641601562,100.49500274658203,269.9979248046875,8.345237800053189e-05
2019-07-17,48.599857330322266,16.99066734313965,99.60150146484375,268.1606750488281,8.226190294538226e-05
2019-07-18,49.15193557739258,16.902666091918945,98.8949966430664,269.142333984375,7.9880952835083e-05
2019-07-19,48.418216705322266,17.211999893188477,98.22599792480469,267.6473388671875,7.9880952835083e-05
2019-07-22,49.524776458740234,17.045333862304688,99.28150177001953,268.30474853515625,8.035714664156475e-05
2019-07-23,49.91194152832031,17.344667434692383,99.72450256347656,270.2231750488281,8.067460287184941e-05
2019-07-24,49.87132263183594,17.658666610717773,100.04049682617188,271.49310302734375,8.09523794386122e-05
2019-07-25,49.47696304321289,15.254667282104492,98.69100189208984,270.1961669921875,8.174602947537861e-05
2019-07-26,49.649044036865234,15.202667236328125,97.15249633789062,272.0065002441406,8.186507792699906e-05
2019-07-29,50.11269760131836,15.718000411987305,95.62249755859375,271.5111083984375,8.13492044569954e-05
2019-07-30,49.897613525390625,16.150667190551758,94.92649841308594,270.8445739746094,8.09523794386122e-05
2019-07-31,50.91572570800781,16.107332229614258,93.33899688720703,267.8814392089844,8.055555442022898e-05
2019-08-01,49.8139533996582,15.59000015258789,92.76599884033203,265.5487976074219,8.055555442022898e-05
2019-08-02,48.759986877441406,15.62266731262207,91.16200256347656,263.5492858886719,7.936507936507937e-05
2019-08-05,46.207496643066406,15.221332550048828,88.25650024414062,255.62350463867188,7.74999979942564e-05
2019-08-06,47.08223342895508,15.383333206176758,89.3915023803711,259.20819091796875,7.916666685588776e-05
2019-08-07,47.56977462768555,15.561332702636719,89.66999816894531,259.361328125,7.809524025235857e-05
2019-08-08,48.61897659301758,15.886667251586914,91.64450073242188,264.4500427246094,7.817460430992973e-05
2019-08-09,48.21834182739258,15.667332649230957,90.37899780273438,262.64862060546875,7.738095427316332e-05
2019-08-12,48.09597396850586,15.267333030700684,89.24600219726562,259.4513244628906,7.650793544829838e-05
2019-08-13,50.13277053833008,15.666666984558105,91.21700286865234,263.48626708984375,7.757936678235493e-05
2019-08-14,48.64056396484375,14.641332626342773,88.14800262451172,255.69564819335938,7.571428541153197e-05
2019-08-15,48.39826583862305,14.37600040435791,88.80599975585938,256.3710632324219,7.313492279204111e-05
2019-08-16,49.54021453857422,14.662667274475098,89.62850189208984,260.1539001464844,7.234126802474734e-05
2019-08-19,50.463844299316406,15.121999740600586,90.80599975585938,263.2881164550781,7.353174781042433e-05
2019-08-20,50.46623992919922,15.057332992553711,90.06900024414062,261.27056884765625,7.539682445071991e-05
2019-08-21,51.013221740722656,14.722000122070312,91.177001953125,263.39617919921875,7.650793544829838e-05
2019-08-22,50.97003936767578,14.8100004196167,90.23300170898438,263.31512451171875,7.690476046668159e-05
2019-08-23,48.61418151855469,14.09333324432373,87.48100280761719,256.5513000488281,7.579364946910313e-05
2019-08-26,49.537803649902344,14.333333015441895,88.44349670410156,259.3883361816406,7.670634795748999e-05
2019-08-27,48.97883605957031,14.272000312805176,88.09149932861328,258.3705139160156,7.710317297587319e-05
2019-08-28,49.3075065612793,14.37266731262207,88.2125015258789,260.1898498535156,7.698412925478012e-05
2019-08-29,50.142372131347656,14.780667304992676,89.31999969482422,263.5132141113281,7.698412925478012e-05
2019-08-30,50.07759475708008,15.040666580200195,88.81449890136719,263.39617919921875,7.670634795748999e-05
2019-09-03,49.34828567504883,15.000666618347168,89.49199676513672,261.856201171875,7.579364946910313e-05
2019-09-04,50.185550689697266,14.711999893188477,90.03099822998047,264.8281555175781,7.559523695991153e-05
2019-09-05,51.166751861572266,15.305333137512207,92.03600311279297,268.23272705078125,7.619047448748633e-05
2019-09-06,51.16196060180664,15.16333293914795,91.67549896240234,268.4397888183594,7.579364946910313e-05
2019-09-09,51.3802604675293,15.452667236328125,91.56749725341797,268.5749816894531,7.571428541153197e-05
2019-09-10,51.98722457885742,15.702667236328125,91.02749633789062,268.51190185546875,7.591269792072357e-05
2019-09-11,53.64016342163086,16.47333335876465,91.14949798583984,270.42138671875,7.591269792072357e-05
2019-09-12,53.52022171020508,16.391332626342773,92.17749786376953,271.3580322265625,7.519841194152831e-05
2019-09-13,52.479042053222656,16.34666633605957,91.96700286865234,271.1778564453125,7.539682445071991e-05
2019-09-16,52.75492477416992,16.187332153320312,90.39199829101562,270.3402404785156,7.718254176397172e-05
2019-09-17,52.94684600830078,16.319332122802734,91.12750244140625,271.0246887207031,7.690476046668159e-05
2019-09-18,53.443458557128906,16.232667922973633,90.87300109863281,271.18682861328125,7.46031744139535e-05
2019-09-19,53.00922775268555,16.440000534057617,91.07499694824219,271.1687927246094,7.472222286557394e-05
2019-09-20,52.23432159423828,16.041332244873047,89.70800018310547,269.8875427246094,7.341269935880388e-05
2019-09-23,52.47182846069336,16.082000732421875,89.26499938964844,269.82421875,7.321428684961228e-05
2019-09-24,52.22233963012695,14.880666732788086,87.08049774169922,267.7070007324219,7.46031744139535e-05
2019-09-25,53.02602005004883,15.24666690826416,88.41649627685547,269.2903747558594,7.321428684961228e-05
2019-09-26,52.75251007080078,16.17066764831543,86.99199676513672,268.7293395996094,7.023809448121085e-05
2019-09-27,52.49582290649414,16.142000198364258,86.27249908447266,267.2817687988281,6.865079440767803e-05
2019-09-30,53.73133850097656,16.058000564575195,86.79550170898438,268.5213317871094,7.023809448121085e-05
2019-10-01,53.88007354736328,16.312667846679688,86.78250122070312,265.327392578125,6.956349289606488e-05
2019-10-02,52.529422760009766,16.208667755126953,85.6614990234375,260.640380859375,6.884920691686963e-05
2019-10-03,52.975643157958984,15.535332679748535,86.22100067138672,262.7757873535156,6.607142705765982e-05
2019-10-04,54.46064376831055,15.428667068481445,86.98249816894531,266.3316955566406,6.567460203927661e-05
2019-10-07,54.47263717651367,15.847999572753906,86.63300323486328,265.1826477050781,6.638888801847186e-05
2019-10-08,53.83449172973633,16.003332138061523,85.27549743652344,261.0657043457031,6.567460203927661e-05
2019-10-09,54.465431213378906,16.302000045776367,86.09950256347656,263.5448913574219,6.460317543574742e-05
2019-10-10,55.199546813964844,16.31599998474121,86.01300048828125,265.327392578125,6.480158794493902e-05
2019-10-11,56.66776657104492,16.525999069213867,86.59600067138672,268.0779113769531,6.440476292655581e-05
2019-10-14,56.58620834350586,17.130666732788086,86.82150268554688,267.7794189453125,6.420635041736421e-05
2019-10-15,56.454246520996094,17.19266700744629,88.36900329589844,270.43048095703125,6.420635041736421e-05
2019-10-16,56.22633743286133,17.316667556762695,88.87149810791016,269.99615478515625,6.408730196574378e-05
2019-10-17,56.44465637207031,17.46466636657715,89.3740005493164,270.79241943359375,6.448412698412699e-05
2019-10-18,56.71574401855469,17.1299991607666,87.87550354003906,269.60711669921875,6.448412698412699e-05
2019-10-21,57.699344635009766,16.899999618530273,89.28299713134766,271.4348449707031,6.448412698412699e-05
2019-10-22,57.56740188598633,17.038667678833008,88.2864990234375,270.54815673828125,6.408730196574378e-05
2019-10-23,58.33988571166992,16.978666305541992,88.1084976196289,271.33526611328125,6.408730196574378e-05
2019-10-24,58.43585968017578,19.978666305541992,89.03900146484375,271.7785949707031,6.440476292655581e-05
2019-10-25,59.15556335449219,21.875333786010742,88.06649780273438,272.89154052734375,6.448412698412699e-05
2019-10-28,59.748138427734375,21.847333908081055,88.85399627685547,274.4297790527344,6.369047694736057e-05
2019-10-29,58.36628341674805,21.08133316040039,88.135498046875,274.34832763671875,6.329365192897736e-05
2019-10-30,58.359073638916016,21.000667572021484,88.99949645996094,275.1898498535156,6.329365192897736e-05
2019-10-31,59.67856216430664,20.994667053222656,88.83300018310547,274.4569091796875,5.9444445466238355e-05
2019-11-01,61.372276306152344,20.887332916259766,89.5719985961914,276.9994201660156,5.8928571996234715e-05
2019-11-04,61.77531814575195,21.1646671295166,90.23300170898438,278.11236572265625,5.9642857975429956e-05
2019-11-05,61.686553955078125,21.148000717163086,90.08550262451172,277.8047180175781,6.023809550300477e-05
2019-11-06,61.71294403076172,21.77199935913086,89.78849792480469,277.86810302734375,6.011904705138434e-05
2019-11-07,62.42517852783203,22.369333267211914,89.41000366210938,278.8452453613281,6.023809550300477e-05
2019-11-08,62.59603500366211,22.47599983215332,89.29399871826172,279.532958984375,5.992063454219273e-05
2019-11-11,63.091712951660156,23.006000518798828,88.5824966430664,278.99908447265625,6.0039682993813164e-05
2019-11-12,63.033958435058594,23.32866668701172,88.9000015258789,279.587158203125,6.083333303057958e-05
2019-11-13,63.637939453125,23.073999404907227,87.65550231933594,279.6776428222656,6.0912697088150755e-05
2019-11-14,63.19761276245117,23.290000915527344,87.7300033569336,280.0848693847656,6.063492052138797e-05
2019-11-15,63.948341369628906,23.47800064086914,86.97450256347656,282.11163330078125,6.063492052138797e-05
2019-11-18,64.27078247070312,23.332666397094727,87.62650299072266,282.3196716308594,6.043650801219637e-05
2019-11-19,64.07586669921875,23.968000411987305,87.6395034790039,282.23834228515625,6.051587206976755e-05
2019-11-20,63.329933166503906,23.481332778930664,87.27649688720703,281.1886901855469,6.031745956057594e-05
2019-11-21,63.04600143432617,23.655332565307617,86.7354965209961,280.73626708984375,6.071428457895915e-05
2019-11-22,62.990665435791016,22.202667236328125,87.28600311279297,281.360595703125,6.123015804896279e-05
2019-11-25,64.09512329101562,22.422666549682617,88.69200134277344,283.541259765625,6.130952210653396e-05
2019-11-26,63.594635009765625,21.92799949645996,89.84700012207031,284.1836242675781,6.210317687382774e-05
2019-11-27,64.44883728027344,22.086000442504883,90.92549896240234,285.4504089355469,6.210317687382774e-05
2019-11-29,64.306884765625,21.996000289916992,90.04000091552734,284.3918151855469,6.111110959734236e-05
2019-12-02,63.5633430480957,22.32466697692871,89.08000183105469,281.9759521484375,6.103174553977118e-05
2019-12-03,62.43000030517578,22.413333892822266,88.49800109863281,280.0848693847656,6.103174553977118e-05
2019-12-04,62.98105239868164,22.20199966430664,88.03450012207031,281.8130187988281,5.9444445466238355e-05
2019-12-05,63.905025482177734,22.024667739868164,87.02400207519531,282.3196716308594,5.924603295704675e-05
2019-12-06,65.1394271850586,22.392667770385742,87.58000183105469,284.89849853515625,5.873015948704311e-05
2019-12-09,64.22747802734375,22.635332107543945,87.47550201416016,284.0026550292969,5.9444445466238355e-05
2019-12-10,64.60285186767578,23.256000518798828,86.96050262451172,283.6860046386719,6.011904705138434e-05
2019-12-11,65.15386962890625,23.51333236694336,87.43599700927734,284.4913330078125,6.031745956057594e-05
2019-12-12,65.31991577148438,23.978666305541992,88.0165023803711,286.9433288574219,6.071428457895915e-05
2019-12-13,66.20782470703125,23.892667770385742,88.0469970703125,287.115234375,6.043650801219637e-05
2019-12-16,67.34114837646484,25.433332443237305,88.46050262451172,289.0877380371094,6.051587206976755e-05
2019-12-17,67.47350311279297,25.266000747680664,89.53299713134766,289.1510009765625,6.071428457895915e-05
2019-12-18,67.3122787475586,26.209999084472656,89.20149993896484,289.169189453125,6.023809550300477e-05
2019-12-19,67.37963104248047,26.93600082397461,89.61399841308594,290.3543701171875,6.083333303057958e-05
2019-12-20,67.24009704589844,27.03933334350586,89.32499694824219,291.62744140625,6.063492052138797e-05
2019-12-23,68.33734130859375,27.947999954223633,89.6500015258789,292.072998046875,6.031745956057594e-05
2019-12-24,68.40229797363281,28.350000381469727,89.46050262451172,292.0820617675781,6.103174553977118e-05
2019-12-26,69.75940704345703,28.729333877563477,93.4384994506836,293.6368713378906,6.0912697088150755e-05
2019-12-27,69.73295593261719,28.691999435424805,93.48999786376953,293.5641174316406,6.023809550300477e-05
2019-12-30,70.14684295654297,27.64666748046875,92.34449768066406,291.9456787109375,5.9126984505426316e-05
2019-12-31,70.65934753417969,27.8886661529541,92.39199829101562,292.6549072265625,5.972222203300113e-05
2020-01-02,72.27154541015625,28.68400001525879,94.90049743652344,295.3918762207031,5.932539701461792e-05
2020-01-03,71.56892395019531,29.534000396728516,93.74849700927734,293.1549377441406,5.845238292028033e-05
2020-01-06,72.13919067382812,30.1026668548584,95.14399719238281,294.2734069824219,5.904762044785515e-05
2020-01-07,71.79993438720703,31.270666122436523,95.34300231933594,293.44586181640625,5.9523809523809524e-05
2020-01-08,72.95491027832031,32.80933380126953,94.59850311279297,295.0098876953125,5.924603295704675e-05
2020-01-09,74.50453186035156,32.089332580566406,95.05249786376953,297.01031494140625,5.9523809523809524e-05
2020-01-10,74.67298889160156,31.876667022705078,94.15799713134766,296.1554870605469,5.9444445466238355e-05
2020-01-13,76.26830291748047,34.990665435791016,94.56500244140625,298.1922912597656,5.992063454219273e-05
2020-01-14,75.23843383789062,35.861331939697266,93.47200012207031,297.7376708984375,6.071428457895915e-05
2020-01-15,74.91600799560547,34.56666564941406,93.10099792480469,298.41058349609375,5.984127048462156e-05
2020-01-16,75.85443115234375,34.232666015625,93.89700317382812,300.8928527832031,6.023809550300477e-05
2020-01-17,76.6942138671875,34.03333282470703,93.23600006103516,301.829345703125,6.043650801219637e-05
2020-01-21,76.17446899414062,36.47999954223633,94.5999984741211,301.2383117675781,5.9642857975429956e-05
2020-01-22,76.44638061523438,37.97066879272461,94.37300109863281,301.2746887207031,6.0039682993813164e-05
2020-01-23,76.81453704833984,38.14666748046875,94.22899627685547,301.62017822265625,6.011904705138434e-05
2020-01-24,76.59315490722656,37.654666900634766,93.08200073242188,298.9378356933594,5.9126984505426316e-05
2020-01-27,74.34088897705078,37.201332092285156,91.41699981689453,294.14605712890625,5.972222203300113e-05
2020-01-28,76.4439697265625,37.793331146240234,92.6624984741211,297.2285461425781,6.071428457895915e-05
2020-01-29,78.04411315917969,38.732666015625,92.9000015258789,296.9830017089844,6.031745956057594e-05
2020-01-30,77.93102264404297,42.72066879272461,93.53399658203125,297.94677734375,6.063492052138797e-05
2020-01-31,74.47565460205078,43.371334075927734,100.43599700927734,292.53662109375,5.992063454219273e-05
2020-02-03,74.27111053466797,52.0,100.20999908447266,294.7098083496094,6.023809550300477e-05
2020-02-04,76.72308349609375,59.137332916259766,102.4834976196289,299.20159912109375,6.103174553977118e-05
2020-02-05,77.34872436523438,48.97999954223633,101.99349975585938,302.65673828125,6.031745956057594e-05
2020-02-06,78.2534408569336,49.930667877197266,102.5114974975586,303.6751403808594,6.071428457895915e-05
2020-02-07,77.1897964477539,49.871334075927734,103.96399688720703,302.056640625,6.023809550300477e-05
2020-02-10,77.556396484375,51.41866683959961,106.69550323486328,304.3116455078125,6.031745956057594e-05
2020-02-11,77.08848571777344,51.62533187866211,107.54000091552734,304.8390197753906,6.103174553977118e-05
2020-02-12,78.9191665649414,51.15266799926758,108.0,306.80303955078125,6.0912697088150755e-05
2020-02-13,78.357177734375,53.599998474121094,107.49349975585938,306.4757080078125,6.130952210653396e-05
2020-02-14,78.37648010253906,53.33533477783203,106.74349975585938,306.9666442871094,6.0912697088150755e-05
2020-02-18,76.94133758544922,57.22666549682617,107.78350067138672,306.1756896972656,6.0912697088150755e-05
2020-02-19,78.05567932128906,61.16133117675781,108.51100158691406,307.6394958496094,6.123015804896279e-05
2020-02-20,77.2549057006836,59.96066665649414,107.65499877929688,306.37567138671875,6.103174553977118e-05
2020-02-21,75.50623321533203,60.06666564941406,104.79850006103516,303.2205505371094,6.023809550300477e-05
2020-02-24,71.91966247558594,55.58599853515625,100.4645004272461,293.1640319824219,5.9642857975429956e-05
2020-02-25,69.48359680175781,53.32733154296875,98.63700103759766,284.2806396484375,5.9126984505426316e-05
2020-02-26,70.58586120605469,51.91999816894531,98.97949981689453,283.2350158691406,5.865079542947194e-05
2020-02-27,65.97177124023438,45.266666412353516,94.21499633789062,270.51434326171875,5.535714210025848e-05
2020-02-28,65.93319702148438,44.53266525268555,94.1875,269.37774658203125,4.880952456640819e-05
2020-03-02,72.0716323852539,49.574668884277344,97.69750213623047,281.04364013671875,4.503968216124035e-05
2020-03-03,69.78268432617188,49.70066833496094,95.44950103759766,272.9966735839844,3.6428570747375486e-05
2020-03-04,73.01951599121094,49.96666717529297,98.79149627685547,284.4715576171875,2.6785714758767023e-05
2020-03-05,70.65097045898438,48.30266571044922,96.20149993896484,275.01519775390625,2.3611112246437678e-05
2020-03-06,69.71273040771484,46.89866638183594,95.05449676513672,270.4689636230469,1.6468253637117056e-05
2020-03-09,64.19901275634766,40.53333282470703,90.03050231933594,249.3467254638672,1.3095238615596106e-05
2020-03-10,68.82272338867188,43.02199935913086,94.59100341796875,262.24920654296875,1.5476189908527193e-05
2020-03-11,66.4324722290039,42.28200149536133,91.04299926757812,249.46493530273438,1.4603174631557767e-05
2020-03-12,59.87195587158203,37.369998931884766,83.83049774169922,225.5968780517578,1.0833333409021772e-05
2020-03-13,67.04510498046875,36.44133377075195,89.25,244.88235473632812,9.642857171240307e-06
2020-03-16,58.419960021972656,29.67133331298828,84.4574966430664,218.0863800048828,7.3412699358803885e-06
2020-03-17,60.98869323730469,28.68000030517578,90.39199829101562,229.86129760742188,6.547619307798053e-06
2020-03-18,59.495697021484375,24.08133316040039,91.5,218.22271728515625,1.1904762008242191e-07
2020-03-19,59.03983688354492,28.50933265686035,94.04650115966797,218.68646240234375,-1.1111111454074344e-06
2020-03-20,55.29164505004883,28.50200080871582,92.30449676513672,209.2623291015625,-1.3095238024280185e-06
2020-03-23,54.117034912109375,28.952667236328125,95.1415023803711,203.91188049316406,-1.5873015518226319e-06
2020-03-24,59.54634475708008,33.66666793823242,97.00499725341797,222.38699340820312,-1.3095238024280185e-06
2020-03-25,59.21831512451172,35.95000076293945,94.29199981689453,225.71617126464844,-2.7777777896040964e-06
2020-03-26,62.33455276489258,35.21066665649414,97.77449798583984,238.89564514160156,-4.166666536577164e-06
2020-03-27,59.7537727355957,34.29066848754883,95.00499725341797,231.780029296875,-2.3015872353599184e-06
2020-03-30,61.45901870727539,33.47533416748047,98.19750213623047,239.30723571777344,5.158730265167025e-07
2020-03-31,61.333595275878906,34.93333435058594,97.48600006103516,235.74024963378906,1.190476163866974e-06
2020-04-01,58.10640335083008,32.104000091552734,95.38500213623047,225.1308135986328,2.5000000402094826e-06
2020-04-02,59.07600402832031,30.29800033569336,95.94149780273438,230.32574462890625,2.579364984754532e-06
2020-04-03,58.227012634277344,32.000667572021484,95.32949829101562,226.99656677246094,2.3015872353599184e-06
2020-04-06,63.306575775146484,34.41600036621094,99.87950134277344,242.2431182861328,2.380952327733948e-06
2020-04-07,62.573333740234375,36.36333465576172,100.58000183105469,242.4901123046875,5.079365320621975e-06
2020-04-08,64.17487335205078,36.589332580566406,102.1500015258789,250.6300811767578,7.3412699358803885e-06
2020-04-09,64.63796997070312,38.20000076293945,102.13800048828125,254.44398498535156,8.333333073154328e-06
2020-04-13,65.90668487548828,43.39666748046875,108.44349670410156,252.1209716796875,7.936508054771122e-06
2020-04-14,69.23516845703125,47.32600021362305,114.16600036621094,259.5566101074219,6.547619307798053e-06
2020-04-15,68.60322570800781,48.65533447265625,115.38400268554688,254.04156494140625,4.5634921462762925e-06
2020-04-16,69.14834594726562,49.680667877197266,120.40950012207031,255.26708984375,4.365079341426728e-06
2020-04-17,68.21007537841797,50.259334564208984,118.75,262.1633605957031,4.087301592032115e-06
2020-04-20,66.79426574707031,49.75733184814453,119.68049621582031,257.54449462890625,2.7777777896040964e-06
2020-04-21,64.72962951660156,45.781333923339844,116.40599822998047,249.7246551513672,3.88888878718255e-06
2020-04-22,66.59407806396484,48.807334899902344,118.17449951171875,255.26708984375,3.6904762779909467e-06
2020-04-23,66.33600616455078,47.04199981689453,119.97250366210938,255.24879455566406,3.6904762779909467e-06
2020-04-24,68.2510986328125,48.34333419799805,120.51100158691406,258.8066711425781,3.968254027385561e-06
2020-04-27,68.29932403564453,53.25,118.80000305175781,262.53826904296875,3.6904762779909467e-06
2020-04-28,67.19222259521484,51.27466583251953,115.7040023803711,261.33099365234375,3.3730159084948284e-06
2020-04-29,69.399169921875,53.367332458496094,118.635498046875,268.1722412109375,3.5714287133443927e-06
2020-04-30,70.86322784423828,52.12533187866211,123.69999694824219,265.6754455566406,3.5714287133443927e-06
2020-05-01,69.7223892211914,46.75466537475586,114.302001953125,258.64202880859375,3.6904762779909467e-06
2020-05-04,70.70886993408203,50.74599838256836,115.79949951171875,259.3554992675781,3.5714287133443927e-06
2020-05-05,71.77011108398438,51.2140007019043,115.88999938964844,261.7517395019531,4.365079341426728e-06
2020-05-06,72.51060485839844,52.172000885009766,117.56300354003906,259.97735595703125,4.285714396881679e-06
2020-05-07,73.26070404052734,52.00266647338867,118.38050079345703,263.1145324707031,3.7698412225359962e-06
2020-05-08,75.00444793701172,54.62799835205078,118.98049926757812,267.4679870605469,3.7698412225359962e-06
2020-05-11,76.18466186523438,54.08599853515625,120.44999694824219,267.5229187011719,4.166666536577164e-06
2020-05-12,75.31402587890625,53.96066665649414,117.84750366210938,262.1907653808594,4.88095251577241e-06
2020-05-13,74.4046630859375,52.73066711425781,118.39600372314453,257.55364990234375,4.5634921462762925e-06
2020-05-14,74.86174774169922,53.55533218383789,119.44249725341797,260.6358337402344,4.166666536577164e-06
2020-05-15,74.41914367675781,53.27799987792969,120.48899841308594,261.833984375,4.087301592032115e-06
2020-05-18,76.1725845336914,54.242000579833984,121.31300354003906,269.8094177246094,4.166666536577164e-06
2020-05-19,75.73243713378906,53.867332458496094,122.46649932861328,267.0380859375,4.682539710922847e-06
2020-05-20,77.20529174804688,54.37066650390625,124.89700317382812,271.57464599609375,4.682539710922847e-06
2020-05-21,76.62967681884766,55.17333221435547,122.33699798583984,269.69964599609375,4.365079341426728e-06
2020-05-22,77.123046875,54.45866775512695,121.84400177001953,270.2119140625,4.365079341426728e-06
2020-05-26,76.60063934326172,54.591331481933594,121.09300231933594,273.541015625,4.682539710922847e-06
2020-05-27,76.93437957763672,54.68199920654297,120.51950073242188,277.61102294921875,5.357143070016589e-06
2020-05-28,76.96825408935547,53.72066879272461,120.05500030517578,277.09881591796875,5.476190339005182e-06
2020-05-29,76.89329528808594,55.66666793823242,122.11849975585938,278.33355712890625,5.079365320621975e-06
2020-06-01,77.83889770507812,59.87333297729492,123.552001953125,279.45849609375,5.079365320621975e-06
2020-06-02,78.19926452636719,58.770668029785156,123.62049865722656,281.77252197265625,5.753968088399797e-06
2020-06-03,78.6297378540039,58.86399841308594,123.91999816894531,285.5223388671875,5.873015948704311e-06
2020-06-04,77.95258331298828,57.62533187866211,123.02999877929688,284.77239990234375,5.555555579208193e-06
2020-06-05,80.17272186279297,59.04399871826172,124.1500015258789,292.0710144042969,5.753968088399797e-06
2020-06-08,80.64675903320312,63.327999114990234,126.2030029296875,295.60137939453125,6.071428457895915e-06
2020-06-09,83.19342803955078,62.711334228515625,130.04299926757812,293.3971862792969,6.547619307798053e-06
2020-06-10,85.33380126953125,68.336669921875,132.37249755859375,291.760009765625,6.547619307798053e-06
2020-06-11,81.23687744140625,64.85600280761719,127.89800262451172,274.9403991699219,6.071428457895915e-06
2020-06-12,81.938232421875,62.35200119018555,127.2509994506836,278.23291015625,5.9523811889073204e-06
2020-06-15,82.95159149169922,66.05999755859375,128.63400268554688,280.8304748535156,6.150793698098924e-06
2020-06-16,85.14998626708984,65.47533416748047,130.7635040283203,286.2358093261719,6.3492062072905275e-06
2020-06-17,85.0314712524414,66.11933135986328,132.0489959716797,285.046875,6.547619307798053e-06
2020-06-18,85.0653305053711,66.9306640625,132.69900512695312,285.1565856933594,5.555555579208193e-06
2020-06-19,84.57921600341797,66.72666931152344,133.75050354003906,283.5268859863281,5.674603439512707e-06
2020-06-22,86.7921142578125,66.28800201416016,135.6909942626953,285.34576416015625,5.555555579208193e-06
2020-06-23,88.64469146728516,66.78533172607422,138.2205047607422,286.6593933105469,5.555555579208193e-06
2020-06-24,87.07994079589844,64.0566635131836,136.72000122070312,279.3471374511719,5.357143070016589e-06
2020-06-25,88.2359619140625,65.73200225830078,137.72900390625,282.3419189453125,5.158729969509064e-06
2020-06-26,85.52484893798828,63.982666015625,134.64349365234375,275.63580322265625,5.277777829813578e-06
2020-06-29,87.49591064453125,67.29000091552734,134.0189971923828,279.6869812011719,4.96031746031746e-06
2020-06-30,88.2262954711914,71.98733520507812,137.9409942626953,283.2696533203125,5.357143070016589e-06
2020-07-01,88.05943298339844,74.64199829101562,143.93499755859375,285.2539367675781,5.158729969509064e-06
2020-07-02,88.05943298339844,80.57733154296875,144.51499938964844,286.82470703125,5.277777829813578e-06
2020-07-06,90.41502380371094,91.43866729736328,152.8520050048828,291.2525329589844,5.079365320621975e-06
2020-07-07,90.13446807861328,92.65733337402344,150.00599670410156,288.2486267089844,5.555555579208193e-06
2020-07-08,92.23374938964844,91.05867004394531,154.0554962158203,290.453369140625,5.357143070016589e-06
2020-07-09,92.6303482055664,92.9520034790039,159.13150024414062,288.79986572265625,4.88095251577241e-06
2020-07-10,92.79239654541016,102.97666931152344,160.0,291.7486267089844,4.761904655467896e-06
2020-07-13,92.36431884765625,99.80400085449219,155.1999969482422,289.222412109375,4.96031746031746e-06
2020-07-14,93.89280700683594,101.12000274658203,154.1999969482422,292.97039794921875,5.277777829813578e-06
2020-07-15,94.53851318359375,103.06732940673828,150.44349670410156,295.6620178222656,4.96031746031746e-06
2020-07-16,93.37525939941406,100.04266357421875,149.9949951171875,294.6882629394531,4.087301592032115e-06
2020-07-17,93.18660736083984,100.05599975585938,148.09849548339844,295.54254150390625,4.166666536577164e-06
2020-07-20,95.1504135131836,109.53333282470703,159.8419952392578,297.93109130859375,4.166666536577164e-06
2020-07-21,93.83716583251953,104.55733489990234,156.9145050048828,298.56494140625,4.365079341426728e-06
2020-07-22,94.10079956054688,106.15533447265625,154.99549865722656,300.2644348144531,3.968254027385561e-06
2020-07-23,89.8176498413086,100.87133026123047,149.32749938964844,296.6816711425781,4.087301592032115e-06
2020-07-24,89.59516143798828,94.46666717529297,150.44549560546875,294.77093505859375,3.88888878718255e-06
2020-07-27,91.71857452392578,102.63999938964844,152.760498046875,296.92059326171875,3.6904762779909467e-06
2020-07-28,90.21186828613281,98.43267059326172,150.01649475097656,295.03741455078125,4.087301592032115e-06
2020-07-29,91.94108581542969,99.94066619873047,151.67649841308594,298.66595458984375,3.5714287133443927e-06
2020-07-30,93.05358123779297,99.16600036621094,152.593994140625,297.60028076171875,3.3730159084948284e-06
2020-07-31,102.79524230957031,95.38400268554688,158.23399353027344,299.95208740234375,3.2936506682918186e-06
2020-08-03,105.38546752929688,99.0,155.59449768066406,302.03729248046875,3.0952381591002147e-06
2020-08-04,106.0892105102539,99.13333129882812,156.94149780273438,303.2040100097656,3.5714287133443927e-06
2020-08-05,106.47376251220703,99.00133514404297,160.25149536132812,305.0871887207031,3.7698412225359962e-06
2020-08-06,110.18856048583984,99.30533599853516,161.25,307.12652587890625,3.492063473141383e-06
2020-08-07,107.68334197998047,96.84733581542969,158.3730010986328,307.3469543457031,3.492063473141383e-06
2020-08-10,109.24848175048828,94.57133483886719,157.4080047607422,308.26568603515625,3.492063473141383e-06
2020-08-11,105.99945831298828,91.6259994506836,154.0334930419922,305.7210388183594,3.968254027385561e-06
2020-08-12,109.52225494384766,103.65066528320312,158.11199951171875,309.9835205078125,3.968254027385561e-06
2020-08-13,111.46054077148438,108.06666564941406,158.05099487304688,309.4231872558594,3.5714287133443927e-06
2020-08-14,111.3612060546875,110.04733276367188,157.4010009765625,309.4324035644531,3.492063473141383e-06
2020-08-17,111.07046508789062,122.3759994506836,159.12049865722656,310.415283203125,3.3730159084948284e-06
2020-08-18,111.9959716796875,125.80599975585938,165.62449645996094,311.08587646484375,3.968254027385561e-06
2020-08-19,112.1364974975586,125.23533630371094,163.0240020751953,309.79058837890625,3.7698412225359962e-06
2020-08-20,114.62478637695312,133.45533752441406,164.86849975585938,310.7552185058594,3.492063473141383e-06
2020-08-21,120.53165435791016,136.6653289794922,164.23599243164062,311.8575744628906,3.492063473141383e-06
2020-08-24,121.9732666015625,134.27999877929688,165.3730010986328,315.0176696777344,3.3730159084948284e-06
2020-08-25,120.97261810302734,134.8893280029297,167.32449340820312,316.1199951171875,3.7698412225359962e-06
2020-08-26,122.61773681640625,143.54466247558594,172.09249877929688,319.2892761230469,3.6904762779909467e-06
2020-08-27,121.15191650390625,149.25,170.0,319.98736572265625,3.7698412225359962e-06
2020-08-28,120.95567321777344,147.55999755859375,170.08999633789062,322.0543212890625,3.7698412225359962e-06
2020-08-31,125.05752563476562,166.10667419433594,172.54800415039062,320.8876647949219,3.7698412225359962e-06
2020-09-01,130.0388946533203,158.35000610351562,174.95599365234375,323.9100646972656,3.968254027385561e-06
2020-09-02,127.34466552734375,149.1233367919922,176.57249450683594,328.5951843261719,3.968254027385561e-06
2020-09-03,117.14936828613281,135.6666717529297,168.39999389648438,317.2867126464844,3.968254027385561e-06
2020-09-04,117.2269058227539,139.44000244140625,164.7310028076172,314.6961669921875,4.087301592032115e-06
2020-09-08,109.338134765625,110.06999969482422,157.49200439453125,306.0976867675781,4.285714396881679e-06
2020-09-09,113.69924926757812,122.09333038330078,163.4304962158203,312.142333984375,4.166666536577164e-06
2020-09-10,109.98745727539062,123.77999877929688,158.7554931640625,306.7222900390625,4.087301592032115e-06
2020-09-11,108.5434341430664,124.23999786376953,155.81100463867188,306.8785095214844,4.087301592032115e-06
2020-09-14,111.79973602294922,139.8733367919922,155.14849853515625,310.9205017089844,3.968254027385561e-06
2020-09-15,111.97417449951172,149.9199981689453,157.80650329589844,312.4913635253906,3.968254027385561e-06
2020-09-16,108.66944885253906,147.25332641601562,153.90499877929688,311.25115966796875,3.968254027385561e-06
2020-09-17,106.93463897705078,141.14332580566406,150.43649291992188,308.5136413574219,3.3730159084948284e-06
2020-09-18,103.54267883300781,147.38333129882812,147.74549865722656,304.9619140625,3.2936506682918186e-06
2020-09-21,106.68269348144531,149.79666137695312,148.02349853515625,301.5678405761719,3.1746031036452638e-06
2020-09-22,108.35929107666016,141.41000366210938,156.44949340820312,304.63897705078125,3.492063473141383e-06
2020-09-23,103.81404113769531,126.78666687011719,149.9929962158203,297.5741882324219,3.492063473141383e-06
2020-09-24,104.88011169433594,129.26333618164062,150.989501953125,298.3673400878906,3.6904762779909467e-06
2020-09-25,108.81480407714844,135.77999877929688,154.75650024414062,303.1910095214844,3.5714287133443927e-06
2020-09-28,111.41207885742188,140.39999389648438,158.70249938964844,308.226806640625,3.492063473141383e-06
2020-09-29,110.5689468383789,139.69000244140625,157.24400329589844,306.5483093261719,3.3730159084948284e-06
2020-09-30,112.23583221435547,143.00332641601562,157.43649291992188,308.87249755859375,3.3730159084948284e-06
2020-10-01,113.18560791015625,149.3866729736328,161.06300354003906,310.85546875,3.2936506682918186e-06
2020-10-02,109.53193664550781,138.3633270263672,156.25,307.904052734375,3.3730159084948284e-06
2020-10-05,112.90455627441406,141.89332580566406,159.9600067138672,313.3641357421875,3.3730159084948284e-06
2020-10-06,109.66765594482422,137.9933319091797,154.9980010986328,308.90936279296875,3.492063473141383e-06
2020-10-07,111.52838134765625,141.76666259765625,159.7845001220703,314.28643798828125,3.492063473141383e-06
2020-10-08,111.42176818847656,141.97332763671875,159.52749633789062,317.0718078613281,3.492063473141383e-06
2020-10-09,113.36004638671875,144.6666717529297,164.33250427246094,319.9033203125,3.6904762779909467e-06
2020-10-12,120.56074523925781,147.43333435058594,172.14649963378906,325.04974365234375,3.5714287133443927e-06
2020-10-13,117.36258697509766,148.88333129882812,172.18150329589844,322.9284973144531,3.6904762779909467e-06
2020-10-14,117.44981384277344,153.76666259765625,168.1855010986328,320.8994445800781,3.968254027385561e-06
2020-10-15,116.98462677001953,149.6266632080078,166.9324951171875,320.5028076171875,3.7698412225359962e-06
2020-10-16,115.3467788696289,146.55667114257812,163.635498046875,320.30914306640625,3.5714287133443927e-06
2020-10-19,112.40061950683594,143.61000061035156,160.36050415039062,315.4393310546875,3.5714287133443927e-06
2020-10-20,113.8833999633789,140.64666748046875,160.85049438476562,316.70281982421875,3.7698412225359962e-06
2020-10-21,113.26313018798828,140.8800048828125,159.2469940185547,316.1034851074219,3.5714287133443927e-06
2020-10-22,112.17770385742188,141.92999267578125,158.82000732421875,317.83734130859375,3.3730159084948284e-06
2020-10-23,111.48961639404297,140.2100067138672,160.22000122070312,318.9164123535156,3.2936506682918186e-06
2020-10-26,111.49930572509766,140.0933380126953,160.3520050048828,313.0228576660156,3.1746031036452638e-06
2020-10-27,113.00145721435547,141.55999755859375,164.31649780273438,311.9437561035156,3.5714287133443927e-06
2020-10-28,107.76811981201172,135.33999633789062,158.13900756835938,301.2818603515625,3.5714287133443927e-06
2020-10-29,111.76097106933594,136.94332885742188,160.55050659179688,304.343994140625,3.2936506682918186e-06
2020-10-30,105.5003433227539,129.34666442871094,151.8074951171875,301.17120361328125,3.2936506682918186e-06
2020-11-02,105.41310119628906,133.50332641601562,150.2239990234375,304.5468444824219,3.2936506682918186e-06
2020-11-03,107.03157806396484,141.3000030517578,152.42050170898438,309.9239807128906,3.5714287133443927e-06
2020-11-04,111.40239715576172,140.32666015625,162.05799865722656,316.8504333496094,3.2936506682918186e-06
2020-11-05,115.35646057128906,146.02999877929688,166.10000610351562,323.0299377441406,3.3730159084948284e-06
2020-11-06,115.22542572021484,143.31666564941406,165.56849670410156,322.9562683105469,3.2936506682918186e-06
2020-11-09,112.92460632324219,140.4199981689453,157.18699645996094,327.0142822265625,3.492063473141383e-06
2020-11-10,112.58482360839844,136.7866668701172,151.75100708007812,326.5346984863281,3.5714287133443927e-06
2020-11-11,116.00205993652344,139.0433349609375,156.8695068359375,328.96038818359375,3.5714287133443927e-06
2020-11-12,115.7302474975586,137.25332641601562,155.51400756835938,325.76922607421875,3.3730159084948284e-06
2020-11-13,115.7787857055664,136.1666717529297,156.4405059814453,330.27935791015625,3.2936506682918186e-06
2020-11-16,116.7884292602539,136.02999877929688,156.55299377441406,334.4020690917969,2.9761905944536602e-06
2020-11-17,115.90496826171875,147.20333862304688,156.7830047607422,332.6035461425781,3.1746031036452638e-06
2020-11-18,114.5846939086914,162.2133331298828,155.2729949951172,328.60064697265625,2.9761905944536602e-06
2020-11-19,115.1768798828125,166.42333984375,155.8509979248047,329.9841613769531,2.380952327733948e-06
2020-11-20,113.91481018066406,163.20333862304688,154.97000122070312,327.7245178222656,2.3015872353599184e-06
2020-11-23,110.52669525146484,173.9499969482422,154.91949462890625,329.6889953613281,2.7777777896040964e-06
2020-11-24,111.80815887451172,185.1266632080078,155.9029998779297,335.0015563964844,3.1746031036452638e-06
2020-11-25,112.64306640625,191.3333282470703,159.2534942626953,334.48504638671875,3.1746031036452638e-06
2020-11-27,113.18669891357422,195.25332641601562,159.76699829101562,335.4165954589844,2.896825354250651e-06
2020-11-30,115.57492065429688,189.1999969482422,158.40199279785156,333.93157958984375,2.9761905944536602e-06
2020-12-01,119.13780212402344,194.9199981689453,161.00399780273438,337.5839538574219,3.1746031036452638e-06
2020-12-02,119.4872817993164,189.60667419433594,160.17649841308594,338.294189453125,2.9761905944536602e-06
2020-12-03,119.35137176513672,197.7933349609375,159.3365020751953,338.20196533203125,2.9761905944536602e-06
2020-12-04,118.68151092529297,199.67999267578125,158.12899780273438,341.11651611328125,2.9761905944536602e-06
2020-12-07,120.1377182006836,213.9199981689453,157.89999389648438,340.4154968261719,2.7777777896040964e-06
2020-12-08,120.74931335449219,216.6266632080078,158.864501953125,341.41156005859375,2.6984128450590464e-06
2020-12-09,118.2252197265625,201.4933319091797,155.2100067138672,338.3495178222656,2.7777777896040964e-06
2020-12-10,119.64260864257812,209.02333068847656,155.07449340820312,338.2388916015625,2.7777777896040964e-06
2020-12-11,118.83682250976562,203.3300018310547,155.8209991455078,337.84222412109375,2.579364984754532e-06
2020-12-14,118.2252197265625,213.27667236328125,157.84849548339844,336.32965087890625,2.380952327733948e-06
2020-12-15,124.14714813232422,211.0833282470703,158.25599670410156,340.87664794921875,2.7777777896040964e-06
2020-12-16,124.07919311523438,207.58999633789062,162.04800415039062,341.41156005859375,2.9761905944536602e-06
2020-12-17,124.94322967529297,218.63333129882812,161.8040008544922,343.3207702636719,3.1746031036452638e-06
2020-12-18,122.96275329589844,231.6666717529297,160.08250427246094,341.9499816894531,3.1746031036452638e-06
2020-12-21,124.48694610595703,216.6199951171875,160.3090057373047,340.727294921875,3.0952381591002147e-06
2020-12-22,128.03041076660156,213.44667053222656,160.3260040283203,340.1530456542969,3.0952381591002147e-06
2020-12-23,127.1372299194336,215.32666015625,159.2635040283203,340.45867919921875,2.9761905944536602e-06
2020-12-24,128.1177978515625,220.58999633789062,158.63450622558594,341.783203125,2.9761905944536602e-06
2020-12-28,132.69996643066406,221.22999572753906,164.197998046875,344.7193908691406,3.1746031036452638e-06
2020-12-29,130.93312072753906,221.99667358398438,166.10000610351562,344.061767578125,3.5714287133443927e-06
2020-12-30,129.81668090820312,231.5933380126953,164.29249572753906,344.5526123046875,2.7777777896040964e-06
2020-12-31,128.8167724609375,235.22332763671875,162.84649658203125,346.3032531738281,2.579364984754532e-06
2021-01-04,125.63248443603516,243.2566680908203,159.3314971923828,341.5887145996094,2.6984128450590464e-06
2021-01-05,127.185791015625,245.0366668701172,160.92550659179688,343.9413146972656,3.0952381591002147e-06
2021-01-06,122.90453338623047,251.9933319091797,156.91900634765625,345.9975891113281,3.0952381591002147e-06
2021-01-07,127.09841918945312,272.0133361816406,158.10800170898438,351.1381530761719,3.1746031036452638e-06
2021-01-08,128.19541931152344,293.3399963378906,159.13499450683594,353.1388854980469,3.1746031036452638e-06
2021-01-11,125.21505737304688,270.39666748046875,155.7104949951172,350.75848388671875,3.1746031036452638e-06
2021-01-12,125.04029846191406,283.14666748046875,156.04150390625,350.8326110839844,3.1746031036452638e-06
2021-01-13,127.06930541992188,284.8033447265625,158.29449462890625,351.77740478515625,3.1746031036452638e-06
2021-01-14,125.14710998535156,281.6666564941406,156.37350463867188,350.5454406738281,2.9761905944536602e-06
2021-01-15,123.42875671386719,275.38665771484375,155.21249389648438,347.9890441894531,2.9761905944536602e-06
2021-01-19,124.0986328125,281.51666259765625,156.03799438476562,350.7214050292969,2.896825354250651e-06
2021-01-20,128.17601013183594,283.48333740234375,163.16900634765625,355.5749206542969,2.9761905944536602e-06
2021-01-21,132.87474060058594,281.663330078125,165.34950256347656,355.89910888671875,2.896825354250651e-06
2021-01-22,135.0105438232422,282.21331787109375,164.6114959716797,354.6394958496094,2.7777777896040964e-06
2021-01-25,138.74810791015625,293.6000061035156,164.6999969482422,356.03802490234375,2.7777777896040964e-06
2021-01-26,138.98110961914062,294.36334228515625,166.30650329589844,355.4822998046875,2.6984128450590464e-06
2021-01-27,137.9132843017578,288.0533447265625,161.62899780273438,346.79412841796875,2.380952327733948e-06
2021-01-28,133.0883026123047,278.4766540527344,161.88099670410156,349.7766418457031,2.182539670713364e-06
2021-01-29,128.10806274414062,264.510009765625,160.30999755859375,342.7742614746094,1.9047619213187506e-06
2021-02-01,130.22442626953125,279.9366760253906,167.1439971923828,348.47991943359375,1.9047619213187506e-06
2021-02-02,131.04962158203125,290.92999267578125,169.0,353.407470703125,1.9841270136927804e-06
2021-02-03,130.0302276611328,284.89666748046875,165.62649536132812,353.68536376953125,1.5873015518226319e-06
2021-02-04,133.3795928955078,283.3299865722656,166.5500030517578,357.7052917480469,1.190476163866974e-06
2021-02-05,132.9663543701172,284.07666015625,167.6074981689453,359.1131896972656,9.126984144723604e-07
2021-02-08,133.11216735839844,287.8066711425781,166.14700317382812,361.7066955566406,7.936507759113159e-07
2021-02-09,132.23716735839844,283.1533203125,165.25,361.4657897949219,1.3095238024280185e-06
2021-02-10,131.6343994140625,268.2733459472656,164.32899475097656,361.30841064453125,1.3888888948020482e-06
2021-02-11,131.38153076171875,270.5533447265625,163.10650634765625,361.89190673828125,1.3888888948020482e-06
2021-02-12,131.6149139404297,272.0400085449219,163.885498046875,363.6795349121094,1.3888888948020482e-06
2021-02-16,129.495361328125,265.40667724609375,163.44749450683594,363.3646240234375,1.3888888948020482e-06
2021-02-17,127.2105484008789,266.04998779296875,165.4320068359375,363.44805908203125,1.3888888948020482e-06
2021-02-18,126.1119155883789,262.4599914550781,166.4114990234375,361.9012451171875,9.126984144723604e-07
2021-02-19,126.26744842529297,260.4333190917969,162.4949951171875,361.2620849609375,9.126984144723604e-07
2021-02-22,122.50484466552734,238.1666717529297,159.03700256347656,358.4833679199219,9.920635068463902e-07
2021-02-23,122.36870574951172,232.94667053222656,159.72500610351562,358.9187316894531,9.126984144723604e-07
2021-02-24,121.87285614013672,247.33999633789062,157.97650146484375,362.87371826171875,1.1111111454074344e-06
2021-02-25,117.63379669189453,227.4066619873047,152.85800170898438,354.1299743652344,1.3095238024280185e-06
2021-02-26,117.89630889892578,225.1666717529297,154.64649963378906,352.30523681640625,1.3888888948020482e-06
2021-03-01,124.24517059326172,239.47666931152344,157.3070068359375,360.84521484375,1.1111111454074344e-06
2021-03-02,121.64923858642578,228.81333923339844,154.72650146484375,358.02947998046875,1.3888888948020482e-06
2021-03-03,118.67411804199219,217.73333740234375,150.25,353.287109375,1.3888888948020482e-06
2021-03-04,116.79766082763672,207.14666748046875,148.8784942626953,348.91522216796875,1.1111111454074344e-06
2021-03-05,118.0518569946289,199.31666564941406,150.0229949951172,355.3341369628906,1.1111111454074344e-06
2021-03-08,113.13221740722656,187.6666717529297,147.59750366210938,353.5650329589844,1.3888888948020482e-06
2021-03-09,117.73101806640625,224.52667236328125,153.1425018310547,358.613037109375,1.3888888948020482e-06
2021-03-10,116.65180969238281,222.68666076660156,152.8820037841797,360.84521484375,1.190476163866974e-06
2021-03-11,118.57687377929688,233.1999969482422,155.67950439453125,364.50390625,1.1111111454074344e-06
2021-03-12,117.67266845703125,231.2433319091797,154.47450256347656,364.99481201171875,9.920635068463902e-07
2021-03-15,120.55058288574219,235.97999572753906,154.08399963378906,367.17144775390625,5.95238081933487e-07
2021-03-16,122.08675384521484,225.6266632080078,154.59300231933594,366.7084045410156,3.1746033253887344e-07
2021-03-17,121.2992172241211,233.93666076660156,156.7864990234375,367.9587097167969,3.1746033253887344e-07
2021-03-18,117.18655395507812,217.72000122070312,151.39950561523438,362.60516357421875,1.1904762008242191e-07
2021-03-19,116.66154479980469,218.2899932861328,153.7480010986328,361.9342041015625,1.9841269397782899e-07
2021-03-22,119.96721649169922,223.3333282470703,155.5435028076172,364.82421875,1.9841269397782899e-07
2021-03-23,119.14081573486328,220.72000122070312,156.875,361.9527587890625,3.9682538795565797e-07
2021-03-24,116.75875854492188,210.08999633789062,154.35350036621094,360.1128234863281,5.95238081933487e-07
2021-03-25,117.2448959350586,213.4633331298828,152.31300354003906,362.1386413574219,5.95238081933487e-07
2021-03-26,117.8476791381836,206.23666381835938,152.60150146484375,367.9744873046875,5.95238081933487e-07
2021-03-29,118.022705078125,203.76333618164062,153.7864990234375,367.78857421875,3.1746033253887344e-07
2021-03-30,116.57402801513672,211.8733367919922,152.76449584960938,366.8128967285156,5.158730265167025e-07
2021-03-31,118.76163482666016,222.64332580566406,154.70399475097656,368.29974365234375,5.158730265167025e-07
2021-04-01,119.5880355834961,220.5833282470703,158.0500030517578,372.2770080566406,3.1746033253887344e-07
2021-04-05,122.40760803222656,230.35000610351562,161.3365020751953,377.6203308105469,5.95238081933487e-07
2021-04-06,122.7090072631836,230.5399932861328,161.1909942626953,377.3973388671875,5.95238081933487e-07
2021-04-07,124.35210418701172,223.6566619873047,163.96949768066406,377.8341369628906,3.9682538795565797e-07
2021-04-08,126.74386596679688,227.93333435058594,164.96499633789062,379.6275939941406,1.9841269397782899e-07
2021-04-09,129.31063842773438,225.67333984375,168.61000061035156,382.3876037597656,1.1904762008242191e-07
2021-04-12,127.59944152832031,233.9933319091797,168.96949768066406,382.5269470214844,3.9682538795565797e-07
2021-04-13,130.7009735107422,254.10667419433594,170.0,383.66070556640625,5.95238081933487e-07
2021-04-14,128.36753845214844,244.07666015625,166.64999389648438,382.35040283203125,5.95238081933487e-07
2021-04-15,130.76902770996094,246.28334045410156,168.95449829101562,386.457763671875,3.9682538795565797e-07
2021-04-16,130.43849182128906,246.5933380126953,169.9720001220703,387.7494812011719,3.1746033253887344e-07
2021-04-19,131.09962463378906,238.2100067138672,168.60049438476562,385.8444519042969,5.95238081933487e-07
2021-04-20,129.4175567626953,239.663330078125,166.7344970703125,383.0194396972656,5.95238081933487e-07
2021-04-21,129.79676818847656,248.0399932861328,168.1009979248047,386.6436462402344,5.158730265167025e-07
2021-04-22,128.280029296875,239.89666748046875,165.45199584960938,383.1123352050781,5.95238081933487e-07
2021-04-23,130.5940399169922,243.13333129882812,167.04400634765625,387.2662658691406,5.95238081933487e-07
2021-04-26,130.98292541503906,246.06666564941406,170.4499969482422,388.07470703125,3.1746033253887344e-07
2021-04-27,130.66209411621094,234.913330078125,170.8715057373047,387.9911804199219,3.9682538795565797e-07
2021-04-28,129.87452697753906,231.46665954589844,172.9250030517578,387.8795166015625,3.1746033253887344e-07
2021-04-29,129.77732849121094,225.6666717529297,173.5655059814453,390.3514099121094,3.1746033253887344e-07
2021-04-30,127.8133773803711,236.47999572753906,173.37100219726562,387.78662109375,1.1904762008242191e-07
2021-05-03,128.86338806152344,228.3000030517578,169.32449340820312,388.6229553222656,1.9841269397782899e-07
2021-05-04,124.30350494384766,224.53334045410156,165.593505859375,386.22552490234375,3.9682538795565797e-07
2021-05-05,124.54658508300781,223.64666748046875,163.52699279785156,386.34625244140625,3.1746033253887344e-07
2021-05-06,126.14108276367188,221.17999267578125,165.31849670410156,389.43145751953125,3.1746033253887344e-07
2021-05-07,126.8130874633789,224.1233367919922,164.58050537109375,392.2657470703125,3.1746033253887344e-07
2021-05-10,123.54074096679688,209.67999267578125,159.52450561523438,388.38140869140625,1.9841269397782899e-07
2021-05-11,122.62525177001953,205.73333740234375,161.19549560546875,384.9151916503906,3.9682538795565797e-07
2021-05-12,119.56716918945312,196.6300048828125,157.5970001220703,376.7375183105469,3.9682538795565797e-07
2021-05-13,121.70977783203125,190.56333923339844,158.07350158691406,381.2631530761719,3.1746033253887344e-07
2021-05-14,124.12507629394531,196.5800018310547,161.14500427246094,387.1175231933594,1.9841269397782899e-07
2021-05-17,122.97586059570312,192.27667236328125,163.51950073242188,386.13250732421875,1.9841269397782899e-07
2021-05-18,121.5929183959961,192.6233367919922,161.61399841308594,382.8056945800781,3.9682538795565797e-07
2021-05-19,121.43706512451172,187.82000732421875,161.58999633789062,381.8020935058594,1.9841269397782899e-07
2021-05-20,123.98873138427734,195.5933380126953,162.38400268554688,385.90948486328125,1.1904762008242191e-07
2021-05-21,122.15778350830078,193.6266632080078,160.1540069580078,385.5935363769531,1.1904762008242191e-07
2021-05-24,123.78419494628906,202.14666748046875,162.24949645996094,389.5243835449219,1.1904762008242191e-07
2021-05-25,123.58943939208984,201.56333923339844,162.95249938964844,388.6601257324219,3.9682538795565797e-07
2021-05-26,123.54074096679688,206.3766632080078,163.25799560546875,389.43145751953125,1.9841269397782899e-07
2021-05-27,122.01167297363281,210.28334045410156,161.5054931640625,389.6358337402344,1.9841269397782899e-07
2021-05-28,121.35916900634766,208.4066619873047,161.15350341796875,390.332763671875,3.1746033253887344e-07
2021-06-01,121.03778076171875,207.96665954589844,160.9324951171875,389.9890441894531,3.9682538795565797e-07
2021-06-02,121.79743194580078,201.7066650390625,161.69949340820312,390.6023254394531,5.95238081933487e-07
2021-06-03,120.31709289550781,190.94667053222656,159.35049438476562,389.1526184082031,5.95238081933487e-07
2021-06-04,122.60578155517578,199.68333435058594,160.31100463867188,392.7117919921875,5.95238081933487e-07
2021-06-07,122.61551666259766,201.7100067138672,159.90049743652344,392.3307800292969,7.142856835372864e-07
2021-06-08,123.43359375,201.19667053222656,163.20550537109375,392.4144287109375,7.936507759113159e-07
2021-06-09,123.81342315673828,199.5933380126953,164.0574951171875,391.8290100097656,7.936507759113159e-07
2021-06-10,122.82003021240234,203.3733367919922,167.4824981689453,393.6502990722656,7.936507759113159e-07
2021-06-11,124.0276870727539,203.29666137695312,167.3415069580078,394.30084228515625,7.142856835372864e-07
2021-06-14,127.07598876953125,205.89666748046875,169.19349670410156,395.1836853027344,5.95238081933487e-07
2021-06-15,126.2579345703125,199.7866668701172,169.156494140625,394.4588928222656,7.936507759113159e-07
2021-06-16,126.75464630126953,201.6233367919922,170.7624969482422,392.2564697265625,1.1111111454074344e-06
2021-06-17,128.35189819335938,205.53334045410156,174.46200561523438,392.1263122558594,1.1111111454074344e-06
2021-06-18,127.05656433105469,207.77000427246094,174.34500122070312,386.8363952636719,1.1111111454074344e-06
2021-06-21,128.84854125976562,206.94332885742188,172.697998046875,392.37432861328125,1.190476163866974e-06
2021-06-22,130.4847412109375,207.90333557128906,175.27200317382812,394.4720153808594,1.5079364594486024e-06
2021-06-23,130.21200561523438,218.85667419433594,175.1909942626953,393.99658203125,1.5873015518226319e-06
2021-06-24,129.92958068847656,226.60667419433594,172.45399475097656,396.3272705078125,1.7063492642981665e-06
2021-06-25,129.63742065429688,223.9566650390625,170.072998046875,397.735107421875,1.7063492642981665e-06
2021-06-28,131.2638397216797,229.57333374023438,172.1945037841797,398.5369567871094,1.5873015518226319e-06
2021-06-29,132.77340698242188,226.9199981689453,172.40699768066406,398.7514343261719,1.5873015518226319e-06
2021-06-30,133.38702392578125,226.56666564941406,172.00799560546875,399.08697509765625,1.5873015518226319e-06
2021-07-01,133.6889190673828,225.97332763671875,171.64849853515625,401.296630859375,1.5873015518226319e-06
2021-07-02,136.30873107910156,226.3000030517578,175.5489959716797,404.3639831542969,1.5079364594486024e-06
2021-07-06,138.31500244140625,219.86000061035156,183.78700256347656,403.62744140625,1.5873015518226319e-06
2021-07-07,140.79844665527344,214.88333129882812,184.82899475097656,405.0538330078125,1.7063492642981665e-06
2021-07-08,139.50315856933594,217.60333251953125,186.57049560546875,401.7535095214844,1.7063492642981665e-06
2021-07-09,141.32437133789062,218.98333740234375,185.9669952392578,406.04205322265625,1.7063492642981665e-06
2021-07-12,140.73031616210938,228.56666564941406,185.92750549316406,407.4964294433594,1.7063492642981665e-06
2021-07-13,141.8404998779297,222.84666442871094,183.8679962158203,406.1073913574219,1.7857143566721963e-06
2021-07-14,145.25897216796875,217.7933349609375,184.08399963378906,406.7132568359375,1.7857143566721963e-06
2021-07-15,144.60643005371094,216.86666870117188,181.55999755859375,405.32415771484375,1.5079364594486024e-06
2021-07-16,142.57095336914062,214.74000549316406,178.68150329589844,402.14508056640625,1.5079364594486024e-06
2021-07-19,138.73377990722656,215.4066619873047,177.47950744628906,396.2061767578125,1.5873015518226319e-06
2021-07-20,142.3372039794922,220.1666717529297,178.6595001220703,401.8839416503906,1.7857143566721963e-06
2021-07-21,141.6067657470703,218.42999267578125,179.25999450683594,405.13775634765625,1.7857143566721963e-06
2021-07-22,142.97030639648438,216.4199981689453,181.90150451660156,405.9861145019531,1.7063492642981665e-06
2021-07-23,144.68434143066406,214.4600067138672,182.83200073242188,410.1629333496094,1.7857143566721963e-06
2021-07-26,145.10316467285156,219.2066650390625,184.99099731445312,411.1697998046875,1.5873015518226319e-06
2021-07-27,142.9410858154297,214.92666625976562,181.3195037841797,409.29583740234375,1.7857143566721963e-06
2021-07-28,141.19776916503906,215.66000366210938,181.51600646972656,409.1280517578125,1.7857143566721963e-06
2021-07-29,141.8404998779297,225.78334045410156,179.99600219726562,410.8248596191406,1.5873015518226319e-06
2021-07-30,142.05477905273438,229.06666564941406,166.37950134277344,408.8298034667969,1.5873015518226319e-06
2021-08-02,141.7236785888672,236.55667114257812,166.57400512695312,407.97198486328125,1.5079364594486024e-06
2021-08-03,143.51571655273438,236.5800018310547,168.31199645996094,411.2909851074219,1.7857143566721963e-06
2021-08-04,143.1163330078125,236.97332763671875,167.73599243164062,409.2679138183594,1.7857143566721963e-06
2021-08-05,143.2235107421875,238.2100067138672,168.79949951171875,411.8597717285156,1.7063492642981665e-06
2021-08-06,142.5407257080078,233.03334045410156,167.2469940185547,412.5403747558594,1.7063492642981665e-06
2021-08-09,142.491943359375,237.9199981689453,167.093505859375,412.2046813964844,1.7857143566721963e-06
2021-08-10,142.01405334472656,236.663330078125,166.03399658203125,412.71746826171875,1.9841270136927804e-06
2021-08-11,142.2676239013672,235.94000244140625,164.60549926757812,413.7430114746094,1.7857143566721963e-06
2021-08-12,145.2230224609375,240.75,165.1750030517578,414.9830017089844,1.7063492642981665e-06
2021-08-13,145.42782592773438,239.05667114257812,164.69850158691406,415.7381591796875,1.7857143566721963e-06
2021-08-16,147.39808654785156,228.72332763671875,164.94949340820312,416.71710205078125,2.3015872353599184e-06
2021-08-17,146.49098205566406,221.90333557128906,162.09800720214844,413.9854431152344,2.5000000402094826e-06
2021-08-18,142.7552947998047,229.663330078125,160.06100463867188,409.4543762207031,2.182539670713364e-06
2021-08-19,143.0869598388672,224.49000549316406,159.3874969482422,410.08831787109375,1.7063492642981665e-06
2021-08-20,144.54025268554688,226.75332641601562,159.99749755859375,413.3514099121094,1.7063492642981665e-06
2021-08-23,146.0228271484375,235.43333435058594,163.2935028076172,416.9875793457031,1.5873015518226319e-06
2021-08-24,145.93504333496094,236.163330078125,165.28900146484375,417.6494445800781,1.9047619213187506e-06
2021-08-25,144.7060546875,237.06666564941406,164.95899963378906,418.52581787109375,1.7857143566721963e-06
2021-08-26,143.90621948242188,233.72000122070312,165.8000030517578,416.05517578125,1.7063492642981665e-06
2021-08-27,144.94015502929688,237.30667114257812,167.48150634765625,419.7751159667969,1.7063492642981665e-06
2021-08-30,149.34884643554688,243.6366729736328,171.07850646972656,421.62109375,1.5079364594486024e-06
2021-08-31,148.09063720703125,245.24000549316406,173.5395050048828,420.9964599609375,1.5873015518226319e-06
2021-09-01,148.7538299560547,244.69667053222656,173.9499969482422,421.22021484375,1.5873015518226319e-06
2021-09-02,149.8657684326172,244.1300048828125,173.156005859375,422.51611328125,1.5873015518226319e-06
2021-09-03,150.49977111816406,244.52333068847656,173.90249633789062,422.41357421875,1.5873015518226319e-06
2021-09-07,152.8309326171875,250.97332763671875,175.46449279785156,420.9031982421875,1.3888888948020482e-06
2021-09-08,151.28982543945312,251.2899932861328,176.27499389648438,420.3904724121094,1.5873015518226319e-06
2021-09-09,150.27542114257812,251.6199951171875,174.20799255371094,418.5909729003906,1.5079364594486024e-06
2021-09-10,145.30101013183594,245.42333984375,173.45750427246094,415.2907409667969,1.5079364594486024e-06
2021-09-13,145.86672973632812,247.6666717529297,172.85850524902344,416.3535461425781,1.5079364594486024e-06
2021-09-14,144.47193908691406,248.163330078125,172.5,414.1065979003906,1.3888888948020482e-06
2021-09-15,145.35955810546875,251.94332885742188,173.7895050048828,417.5655517578125,1.3888888948020482e-06
2021-09-16,145.12547302246094,252.3300018310547,174.41200256347656,416.9035949707031,1.190476163866974e-06
2021-09-17,142.4627227783203,253.163330078125,173.12600708007812,412.8424987792969,1.1111111454074344e-06
2021-09-20,139.4195556640625,243.38999938964844,167.7864990234375,405.958740234375,9.920635068463902e-07
2021-09-21,139.89747619628906,246.4600067138672,167.18150329589844,405.5751953125,7.936507759113159e-07
2021-09-22,142.25787353515625,250.64666748046875,169.00250244140625,409.5314636230469,9.920635068463902e-07
2021-09-23,143.2137451171875,251.2133331298828,170.8000030517578,414.5072937011719,9.920635068463902e-07
2021-09-24,143.301513671875,258.1300048828125,171.2760009765625,415.1900939941406,9.920635068463902e-07
2021-09-27,141.78968811035156,263.78668212890625,170.2899932861328,414.00225830078125,9.920635068463902e-07
2021-09-28,138.41493225097656,259.1866760253906,165.79800415039062,405.659423828125,1.190476163866974e-06
2021-09-29,139.312255859375,260.4366760253906,165.05599975585938,406.34222412109375,1.190476163866974e-06
2021-09-30,138.0150146484375,258.49334716796875,164.2519989013672,401.3757019042969,1.1111111454074344e-06
2021-10-01,139.13670349121094,258.40667724609375,164.16299438476562,406.1457214355469,1.1111111454074344e-06
2021-10-04,135.71310424804688,260.510009765625,159.48899841308594,400.90802001953125,1.1111111454074344e-06
2021-10-05,137.63462829589844,260.1966552734375,161.0500030517578,405.0794982910156,1.3888888948020482e-06
2021-10-06,138.5027313232422,260.9166564941406,163.10049438476562,406.7630615234375,1.5873015518226319e-06
2021-10-07,139.7609405517578,264.53668212890625,165.1215057373047,410.2798156738281,1.5873015518226319e-06
2021-10-08,139.38052368164062,261.8299865722656,164.43099975585938,409.5314636230469,1.5873015518226319e-06
2021-10-11,139.2927703857422,263.9800109863281,162.31500244140625,406.5666198730469,1.5873015518226319e-06
2021-10-12,138.0247802734375,268.5733337402344,162.3665008544922,405.56585693359375,1.5873015518226319e-06
2021-10-13,137.43955993652344,270.3599853515625,164.21400451660156,407.02490234375,1.7857143566721963e-06
2021-10-14,140.21932983398438,272.7733459472656,164.9929962158203,413.8713073730469,1.5873015518226319e-06
2021-10-15,141.27276611328125,281.010009765625,170.4510040283203,417.0233459472656,1.5079364594486024e-06
2021-10-18,142.9406280517578,290.03668212890625,172.33700561523438,418.2578430175781,1.7063492642981665e-06
2021-10-19,145.09619140625,288.0899963378906,172.20750427246094,421.4847106933594,1.9841270136927804e-06
2021-10-20,145.58392333984375,288.6000061035156,170.7530059814453,423.14013671875,1.9841270136927804e-06
2021-10-21,145.79847717285156,298.0,171.75050354003906,424.243896484375,1.9841270136927804e-06
2021-10-22,145.0279083251953,303.2266540527344,166.77749633789062,423.8042297363281,1.9841270136927804e-06
2021-10-25,144.97918701171875,341.6199951171875,166.01849365234375,426.0770568847656,1.9841270136927804e-06
2021-10-26,145.6424102783203,339.4766540527344,168.80349731445312,426.4605407714844,1.9841270136927804e-06
2021-10-27,145.18402099609375,345.9533386230469,169.62449645996094,424.5711975097656,1.9841270136927804e-06
2021-10-28,148.81240844726562,359.0133361816406,172.32850646972656,428.6678161621094,1.9047619213187506e-06
2021-10-29,146.11058044433594,371.3333435058594,168.6215057373047,429.5376892089844,1.9047619213187506e-06
2021-11-01,145.2913055419922,402.86334228515625,165.90550231933594,430.2765197753906,1.5873015518226319e-06
2021-11-02,146.32521057128906,390.6666564941406,165.6374969482422,432.0162353515625,1.7857143566721963e-06
2021-11-03,147.75894165039062,404.6199951171875,169.1999969482422,434.6537780761719,1.7857143566721963e-06
2021-11-04,147.24203491210938,409.9700012207031,173.85000610351562,436.7020263671875,1.3888888948020482e-06
2021-11-05,147.7694854736328,407.36334228515625,175.94949340820312,438.21722412109375,1.5873015518226319e-06
2021-11-08,146.9490203857422,387.64666748046875,174.44900512695312,438.5914001464844,1.3888888948020482e-06
2021-11-09,147.3104248046875,341.1666564941406,178.81149291992188,437.1416015625,1.5873015518226319e-06
2021-11-10,144.4874725341797,355.98333740234375,174.1024932861328,433.62493896484375,1.7857143566721963e-06
2021-11-11,144.43858337402344,354.5033264160156,173.625,433.7651672363281,1.5873015518226319e-06
2021-11-12,146.50946044921875,344.47332763671875,176.25750732421875,437.0388488769531,1.7063492642981665e-06
2021-11-15,146.5191650390625,337.7966613769531,177.28399658203125,437.18841552734375,1.5079364594486024e-06
2021-11-16,147.4959716796875,351.57666015625,177.03500366210938,438.9187316894531,1.5873015518226319e-06
2021-11-17,149.92822265625,363.0033264160156,177.4499969482422,437.8525085449219,1.7857143566721963e-06
2021-11-18,154.20655822753906,365.4599914550781,184.80299377441406,439.3395690917969,1.7857143566721963e-06
2021-11-19,156.8243865966797,379.0199890136719,183.82850646972656,438.553955078125,1.7857143566721963e-06
2021-11-22,157.28346252441406,385.6233215332031,178.6284942626953,437.31939697265625,1.5873015518226319e-06
2021-11-23,157.66445922851562,369.6766662597656,179.0019989013672,437.8992919921875,1.7857143566721963e-06
2021-11-24,158.18209838867188,372.0,179.02049255371094,439.0683898925781,1.9841270136927804e-06
2021-11-26,153.1711883544922,360.6400146484375,175.22799682617188,429.2757873535156,1.7063492642981665e-06
2021-11-29,156.5215606689453,378.9966735839844,178.07850646972656,434.5415344238281,1.5079364594486024e-06
2021-11-30,161.4641876220703,381.586669921875,175.35350036621094,426.08642578125,1.9047619213187506e-06
2021-12-01,160.9464569091797,365.0,172.18600463867188,421.35382080078125,1.9841270136927804e-06
2021-12-02,159.9598846435547,361.5333251953125,171.8679962158203,427.80731201171875,1.7063492642981665e-06
2021-12-03,158.08444213867188,338.3233337402344,169.489501953125,424.0848693847656,1.7063492642981665e-06
2021-12-06,161.48370361328125,336.336669921875,171.36849975585938,429.10736083984375,1.7063492642981665e-06
2021-12-07,167.20770263671875,350.5833435058594,176.1645050048828,437.9834289550781,2.3015872353599184e-06
2021-12-08,171.01724243164062,356.32000732421875,176.1580047607422,439.1432189941406,2.380952327733948e-06
2021-12-09,170.50926208496094,334.6000061035156,174.17100524902344,436.1783752441406,2.1031745783393345e-06
2021-12-10,175.2858123779297,339.010009765625,172.21200561523438,440.2843017578125,1.9841270136927804e-06
2021-12-13,171.661865234375,322.13665771484375,169.5675048828125,436.3841552734375,1.7063492642981665e-06
2021-12-14,170.2846221923828,319.5033264160156,169.0915069580078,433.3817443847656,1.9047619213187506e-06
2021-12-15,175.13926696777344,325.3299865722656,173.31500244140625,440.1533508300781,1.7857143566721963e-06
2021-12-16,168.26268005371094,308.97332763671875,168.87100219726562,436.2719421386719,1.3888888948020482e-06
2021-12-17,167.16864013671875,310.8566589355469,170.0175018310547,431.62860107421875,1.190476163866974e-06
2021-12-20,165.81089782714844,299.9800109863281,167.07899475097656,427.0389709472656,1.5079364594486024e-06
2021-12-21,168.9757080078125,312.84332275390625,170.41700744628906,434.62274169921875,2.579364984754532e-06
2021-12-22,171.564208984375,336.2900085449219,171.03700256347656,438.9683837890625,2.579364984754532e-06
2021-12-23,172.18939208984375,355.6666564941406,171.06849670410156,441.69970703125,2.3015872353599184e-06
2021-12-27,176.14537048339844,364.64666748046875,169.66949462890625,447.9506530761719,1.7063492642981665e-06
2021-12-28,175.1295166015625,362.8233337402344,170.66099548339844,447.5846252441406,1.9841270136927804e-06
2021-12-29,175.2174072265625,362.0633239746094,169.2010040283203,448.15716552734375,1.7857143566721963e-06
2021-12-30,174.06478881835938,356.7799987792969,168.64450073242188,446.9182434082031,9.920635068463902e-07
2021-12-31,173.4494171142578,352.260009765625,166.7169952392578,445.79193115234375,1.3095238024280185e-06
2022-01-03,177.78634643554688,399.9266662597656,170.4044952392578,448.3730773925781,2.1031745783393345e-06
2022-01-04,175.5299835205078,383.1966552734375,167.52200317382812,448.2228698730469,3.1746031036452638e-06
2022-01-05,170.8609161376953,362.7066650390625,164.35699462890625,439.6160583496094,3.3730159084948284e-06
2022-01-06,168.00868225097656,354.8999938964844,163.25399780273438,439.2030944824219,3.5714287133443927e-06
2022-01-07,168.17474365234375,342.32000732421875,162.5540008544922,437.46661376953125,3.492063473141383e-06
2022-01-10,168.19427490234375,352.7066650390625,161.48599243164062,436.9222412109375,3.5714287133443927e-06
2022-01-11,171.01724243164062,354.79998779296875,165.36199951171875,440.9018859863281,4.682539710922847e-06
2022-01-12,171.45675659179688,368.739990234375,165.20700073242188,442.0938415527344,4.5634921462762925e-06
2022-01-13,168.19427490234375,343.85333251953125,161.21400451660156,436.00244140625,4.365079341426728e-06
2022-01-14,169.0538330078125,349.8699951171875,162.13800048828125,436.1808166503906,4.682539710922847e-06
2022-01-18,165.8596954345703,343.5033264160156,158.91749572753906,428.45623779296875,5.158729969509064e-06
2022-01-19,162.37254333496094,331.8833312988281,156.2989959716797,424.0072937011719,6.547619307798053e-06
2022-01-20,160.6924591064453,332.0899963378906,151.66749572753906,419.3143310546875,6.666666576786647e-06
2022-01-21,158.6412353515625,314.6333312988281,142.64300537109375,411.08294677734375,6.269841558403438e-06
2022-01-24,157.8695831298828,310.0,144.54400634765625,412.82867431640625,6.150793698098924e-06
2022-01-25,156.07225036621094,306.1333312988281,139.98599243164062,407.7884826660156,7.3412699358803885e-06
2022-01-26,155.9843292236328,312.4700012207031,138.87249755859375,406.76544189453125,7.063492186485775e-06
2022-01-27,155.5252685546875,276.3666687011719,139.6374969482422,404.7568054199219,7.3412699358803885e-06
2022-01-28,166.37741088867188,282.1166687011719,143.97799682617188,414.8091125488281,6.865079085978251e-06
2022-01-31,170.7241668701172,312.239990234375,149.57350158691406,422.28033447265625,6.865079085978251e-06
2022-02-01,170.55813598632812,310.4166564941406,151.19349670410156,425.1336364746094,8.055555323759714e-06
2022-02-02,171.7595672607422,301.88665771484375,150.6125030517578,429.263427734375,7.3412699358803885e-06
2022-02-03,168.8877716064453,297.0466613769531,138.8455047607422,419.173583984375,7.658730305376506e-06
2022-02-04,168.6041717529297,307.7733459472656,157.63949584960938,421.14459228515625,8.849206543157971e-06
2022-02-07,167.8902130126953,302.4466552734375,157.9355010986328,419.7931213378906,8.055555323759714e-06
2022-02-08,170.99057006835938,307.3333435058594,161.4134979248047,423.2470703125,1.0912698649224782e-05
2022-02-09,172.40875244140625,310.6666564941406,161.1894989013672,429.44171142578125,1.0714286140033178e-05
2022-02-10,168.34010314941406,301.51666259765625,159.0034942626953,421.7265319824219,1.4682539871760777e-05
2022-02-11,164.93653869628906,286.6666564941406,153.2935028076172,413.41064453125,1.3412698393776302e-05
2022-02-14,165.17123413085938,291.9200134277344,155.16700744628906,412.0591125488281,1.428571485337757e-05
2022-02-15,168.995361328125,307.4766540527344,156.510498046875,418.70428466796875,1.5873016109542244e-05
2022-02-16,168.76063537597656,307.7966613769531,158.10049438476562,419.173583984375,1.4801587140749371e-05
2022-02-17,165.17123413085938,292.1166687011719,154.65249633789062,410.21942138671875,1.3690476143170916e-05
2022-02-18,163.62596130371094,285.6600036621094,152.60150146484375,407.5632629394531,1.2619047174378047e-05
2022-02-22,160.71141052246094,273.84332275390625,150.19749450683594,403.1894226074219,1.3095238615596106e-05
2022-02-23,156.55471801757812,254.67999267578125,144.82699584960938,396.0373840332031,1.3492063633979314e-05
2022-02-24,159.1660614013672,266.92333984375,151.35800170898438,401.9974365234375,1.1230158427404978e-05
2022-02-25,161.22975158691406,269.9566650390625,153.7884979248047,410.8670654296875,1.1825397137611633e-05
2022-02-28,161.4938201904297,290.1433410644531,153.56300354003906,409.81585693359375,1.1428570936596582e-05
2022-03-01,159.61598205566406,288.1233215332031,151.14199829101562,403.5742492675781,1.2420634665186443e-05
2022-03-02,162.9022216796875,293.2966613769531,152.05250549316406,410.99847412109375,1.2896824923772659e-05
2022-03-03,162.57943725585938,279.7633361816406,147.89849853515625,408.9523010253906,1.329365112478771e-05
2022-03-04,159.5866241455078,279.42999267578125,145.64100646972656,405.6297912597656,1.2103174887006245e-05
2022-03-07,155.80166625976562,268.1933288574219,137.4530029296875,393.67205810546875,1.2103174887006245e-05
2022-03-08,153.9824676513672,274.79998779296875,136.01449584960938,390.68743896484375,1.428571485337757e-05
2022-03-09,159.37142944335938,286.3233337402344,139.2790069580078,401.1620788574219,1.4682539871760777e-05
2022-03-10,155.0387725830078,279.4333190917969,146.8175048828125,399.35064697265625,1.428571485337757e-05
2022-03-11,151.3319854736328,265.1166687011719,145.52450561523438,394.2728576660156,1.4484127362569173e-05
2022-03-14,147.31224060058594,255.4566650390625,141.85299682617188,391.391357421875,1.4999999649940975e-05
2022-03-15,151.68408203125,267.2966613769531,147.3665008544922,399.99822998046875,1.777777832651895e-05
2022-03-16,156.08526611328125,280.07666015625,153.10400390625,408.8678283691406,1.71825396163123e-05
2022-03-17,157.09263610839844,290.5333251953125,157.23899841308594,413.9831848144531,1.428571485337757e-05
2022-03-18,160.37881469726562,301.7966613769531,161.25050354003906,418.5174560546875,1.5198412159132579e-05
2022-03-21,161.74807739257812,307.0533447265625,161.4915008544922,418.3951110839844,1.8055556075913566e-05
2022-03-22,165.11256408691406,331.32666015625,164.88900756835938,423.2908630371094,2.0634919878036257e-05
2022-03-23,166.47201538085938,333.03668212890625,163.4080047607422,417.8395080566406,1.9047618621871583e-05
2022-03-24,170.24728393554688,337.97332763671875,163.64950561523438,424.1382141113281,1.916666707349202e-05
2022-03-25,170.88299560546875,336.8800048828125,164.77349853515625,426.2096252441406,2.0634919878036257e-05
2022-03-28,171.74368286132812,363.9466552734375,168.99049377441406,429.2412414550781,2.015873080208188e-05
2022-03-29,175.02989196777344,366.5233459472656,169.31500244140625,434.55120849609375,2.2023809807641167e-05
2022-03-30,173.8660125732422,364.663330078125,166.30099487304688,431.8680114746094,2.083333238722786e-05
2022-03-31,170.775390625,359.20001220703125,162.99749755859375,425.2209777832031,1.956349209187523e-05
2022-04-01,170.48202514648438,361.5299987792969,163.55999755859375,426.4261169433594,1.984126984126984e-05
2022-04-04,174.52130126953125,381.8166809082031,168.34649658203125,430.0790710449219,2.1349205857231504e-05
2022-04-05,171.2155303955078,363.7533264160156,164.05499267578125,424.6466369628906,2.650793582674057e-05
2022-04-06,168.05645751953125,348.586669921875,158.75599670410156,420.40045166015625,2.6309523317548965e-05
2022-04-07,168.35964965820312,352.4200134277344,157.7845001220703,422.518798828125,2.619047723119221e-05
2022-04-08,166.35464477539062,341.8299865722656,154.4604949951172,421.3890380859375,2.650793582674057e-05
2022-04-11,162.1099853515625,325.30999755859375,151.1219940185547,414.1865539550781,2.6984127267958627e-05
2022-04-12,163.97805786132812,328.98333740234375,150.78750610351562,412.65191650390625,2.9285713320686706e-05
2022-04-13,166.65786743164062,340.7900085449219,155.54100036621094,417.37823486328125,2.9365079743521554e-05
2022-04-14,161.66006469726562,328.3333435058594,151.7064971923828,412.18115234375,2.9682540704333593e-05
2022-04-18,161.44491577148438,334.7633361816406,152.78500366210938,412.3505554199219,2.9960317271096366e-05
2022-04-19,163.7237548828125,342.7166748046875,158.11549377441406,419.00701904296875,3.3055555725854536e-05
2022-04-20,163.5574951171875,325.73333740234375,153.9980010986328,418.69635009765625,3.154761970989288e-05
2022-04-21,162.76527404785156,336.260009765625,148.29600524902344,412.4352722167969,3.174603221908449e-05
2022-04-22,158.2369384765625,335.01666259765625,144.35000610351562,401.1184997558594,3.0952379817054386e-05
2022-04-25,159.3030242919922,332.67333984375,146.07400512695312,403.4439697265625,3.166666579624963e-05
2022-04-26,153.35653686523438,292.1400146484375,139.39100646972656,391.7598571777344,3.3055555725854536e-05
2022-04-27,153.13157653808594,293.836669921875,138.16700744628906,392.8614807128906,3.206349317989652e-05
2022-04-28,160.04632568359375,292.5033264160156,144.59649658203125,402.7849426269531,3.115079469150967e-05
2022-04-29,154.18785095214844,290.2533264160156,124.28150177001953,387.8997497558594,3.206349317989652e-05
2022-05-02,154.49107360839844,300.9800109863281,124.5,390.23468017578125,3.0357142289479574e-05
2022-05-03,155.97769165039062,303.0833435058594,124.25350189208984,392.0234680175781,3.551587225898864e-05
2022-05-04,162.37403869628906,317.5400085449219,125.92849731445312,403.9617919921875,3.3055555725854536e-05
2022-05-05,153.32720947265625,291.09332275390625,116.40699768066406,389.6038513183594,3.186507830544124e-05
2022-05-06,154.05203247070312,288.54998779296875,114.77249908447266,387.2783508300781,3.2341269746659296e-05
2022-05-09,148.9391326904297,262.3699951171875,108.78900146484375,374.87872314453125,3.174603221908449e-05
2022-05-10,151.33883666992188,266.67999267578125,108.85900115966797,375.7449035644531,3.4841270673842654e-05
2022-05-11,143.4932861328125,244.6666717529297,105.37200164794922,369.7757568359375,3.503968318303426e-05
2022-05-12,139.63412475585938,242.6666717529297,106.93049621582031,369.3897399902344,3.5912697277371846e-05
2022-05-13,144.0906982421875,256.5299987792969,113.05500030517578,378.2210998535156,3.742063565859719e-05
2022-05-16,142.552978515625,241.4566650390625,110.81050109863281,376.6864013671875,3.888888964577327e-05
2022-05-17,146.17703247070312,253.8699951171875,115.36849975585938,384.4350280761719,4.1190475698501346e-05
2022-05-18,137.92982482910156,236.60333251953125,107.11250305175781,368.9377746582031,3.980158813416012e-05
2022-05-19,134.5310516357422,236.47332763671875,107.31900024414062,366.6781921386719,3.968253968253968e-05
2022-05-20,134.76612854003906,221.3000030517578,107.59100341796875,366.8382568359375,3.880952322293842e-05
2022-05-23,140.17283630371094,224.96665954589844,107.55699920654297,373.70184326171875,3.940476075051323e-05
2022-05-24,137.479248046875,209.3866729736328,104.0999984741211,370.8490905761719,4.1388888207692946e-05
2022-05-25,137.63597106933594,219.60000610351562,106.7750015258789,374.12554931640625,4.1468252265264115e-05
2022-05-26,140.8291015625,235.91000366210938,111.07749938964844,381.6010437011719,4.079365068011814e-05
2022-05-27,146.5688018798828,253.2100067138672,115.14649963378906,390.96905517578125,4.06746022284977e-05
2022-05-31,145.78524780273438,252.75332641601562,120.20950317382812,388.7752990722656,4.0873014737689306e-05
2022-06-01,145.6579132080078,246.7899932861328,121.68399810791016,385.6307373046875,4.376984304851956e-05
2022-06-02,148.10658264160156,258.3333435058594,125.51100158691406,392.9744567871094,4.4166668066902766e-05
2022-06-03,142.39627075195312,234.51666259765625,122.3499984741211,386.5251770019531,4.503968216124035e-05
2022-06-06,143.14064025878906,238.27999877929688,124.79000091552734,387.7020568847656,4.6031744707198374e-05
2022-06-07,145.6579132080078,238.8866729736328,123.0,391.42095947265625,4.861111205721658e-05
2022-06-08,144.92327880859375,241.86666870117188,121.18000030517578,387.165283203125,4.892857301802862e-05
2022-06-09,139.7124786376953,239.7066650390625,116.1500015258789,377.95758056640625,4.9126985527220226e-05
2022-06-10,134.31558227539062,232.22999572753906,109.6500015258789,366.9983215332031,5.1111110619136266e-05
2022-06-13,129.17330932617188,215.73666381835938,103.66999816894531,353.0640869140625,5.9444445466238355e-05
2022-06-14,130.0352325439453,220.88999938964844,102.30999755859375,352.0002136230469,6.916666787768168e-05
2022-06-15,132.65042114257812,233.0,107.66999816894531,357.0184020996094,6.72619068433368e-05
2022-06-16,127.39065551757812,213.10000610351562,103.66000366210938,345.20257568359375,5.884920793866354e-05
2022-06-17,128.85987854003906,216.75999450683594,106.22000122070312,345.9466247558594,5.992063454219273e-05
2022-06-21,133.08139038085938,237.0366668701172,108.68000030517578,354.6553649902344,5.904762044785515e-05
2022-06-22,132.5720977783203,236.086669921875,108.94999694824219,354.012451171875,6.130952210653396e-05
2022-06-23,135.43215942382812,235.07000732421875,112.44000244140625,357.48260498046875,6.190475963410877e-05
2022-06-24,138.75259399414062,245.7066650390625,116.45999908447266,368.84844970703125,6.341270038059779e-05
2022-06-27,138.75259399414062,244.9199981689453,113.22000122070312,367.4395446777344,6.480158794493902e-05
2022-06-28,134.6192169189453,232.663330078125,107.4000015258789,359.931640625,6.896825536849007e-05
2022-06-29,136.37245178222656,228.49000549316406,108.91999816894531,359.6385192871094,6.765873186172e-05
2022-06-30,133.91400146484375,224.47332763671875,106.20999908447266,356.7167663574219,6.349206443816897e-05
2022-07-01,136.07858276367188,227.26333618164062,109.55999755859375,360.4895324707031,6.36111128897894e-05
2022-07-05,138.6546630859375,233.06666564941406,113.5,361.17034912109375,6.468253949331859e-05
2022-07-06,139.98670959472656,231.73333740234375,114.33000183105469,362.3901672363281,7.301587434042068e-05
2022-07-07,143.34634399414062,244.5433349609375,116.33000183105469,367.81768798828125,7.353174781042433e-05
2022-07-08,144.02215576171875,250.76333618164062,115.54000091552734,367.51519775390625,7.313492279204111e-05
2022-07-11,141.89671325683594,234.3433380126953,111.75,363.31683349609375,7.74999979942564e-05
2022-07-12,142.86639404296875,233.07000732421875,109.22000122070312,360.10186767578125,8.384920301891509e-05
2022-07-13,142.5039825439453,237.0399932861328,110.4000015258789,358.21075439453125,9.218253786601717e-05
2022-07-14,145.42283630371094,238.31333923339844,110.62999725341797,357.3408203125,9.019841277410113e-05
2022-07-15,147.08790588378906,240.06666564941406,113.55000305175781,364.16790771484375,8.888888926733108e-05
2022-07-18,144.0515594482422,240.54666137695312,113.76000213623047,361.16094970703125,8.96825393040975e-05
2022-07-19,147.90090942382812,245.52999877929688,118.20999908447266,370.9192199707031,9.722222411443316e-05
2022-07-20,149.8990478515625,247.5,122.7699966430664,373.28314208984375,9.436508019765218e-05
2022-07-21,152.16163635253906,271.7066650390625,124.62999725341797,377.0843811035156,9.365078948792958e-05
2022-07-22,150.92745971679688,272.24334716796875,122.41999816894531,373.58575439453125,9.345238170926534e-05
2022-07-25,149.81085205078125,268.4333190917969,121.13999938964844,374.03961181640625,9.496031299469963e-05
2022-07-26,148.4885711669922,258.8599853515625,114.80999755859375,369.6143493652344,9.821428192986383e-05
2022-07-27,153.57208251953125,274.82000732421875,120.97000122070312,379.2118835449219,9.456348797631641e-05
2022-07-28,154.12057495117188,280.8999938964844,122.27999877929688,383.9681701660156,9.158730506896972e-05
2022-07-29,159.17465209960938,297.1499938964844,134.9499969482422,389.56591796875,9.119048005058652e-05
2022-08-01,158.19520568847656,297.27667236328125,135.38999938964844,388.4122314453125,8.988095654381647e-05
2022-08-02,156.72598266601562,300.586669921875,134.16000366210938,385.8498229980469,9.773809758443682e-05
2022-08-03,162.7203826904297,307.39666748046875,139.52000427246094,391.8920593261719,9.634920528956822e-05
2022-08-04,162.40696716308594,308.6333312988281,142.57000732421875,391.62725830078125,9.436508019765218e-05
2022-08-05,162.1813507080078,288.1700134277344,140.8000030517578,390.9653625488281,9.563492404090033e-05
2022-08-08,161.71055603027344,290.42333984375,139.41000366210938,390.51141357421875,9.761904913281637e-05
2022-08-09,161.7595672607422,283.3333435058594,137.8300018310547,388.960693359375,0.00010198412433503166
2022-08-10,165.99679565429688,294.3566589355469,142.69000244140625,397.1304016113281,0.0001005952415012178
2022-08-11,165.26119995117188,286.6300048828125,140.63999938964844,397.1304016113281,9.880952418796599e-05
2022-08-12,168.80198669433594,300.0299987792969,143.5500030517578,403.8534851074219,9.92063492063492e-05
2022-08-15,169.87110900878906,309.32000732421875,143.17999267578125,405.5176696777344,9.972222267635285e-05
2022-08-16,169.71414184570312,306.5633239746094,144.77999877929688,406.31195068359375,0.00010309524006313749
2022-08-17,171.2050323486328,303.9966735839844,142.10000610351562,403.427978515625,0.00010190476500798786
2022-08-18,170.81271362304688,302.8699951171875,142.3000030517578,404.6004638671875,0.00010178571655636741
2022-08-19,168.23312377929688,296.6666564941406,138.22999572753906,399.1634216308594,0.00010238094935341486
2022-08-22,164.35879516601562,289.913330078125,133.22000122070312,390.85186767578125,0.00010507936515505352
2022-08-23,164.0253143310547,296.4533386230469,133.6199951171875,389.9062805175781,0.00010726190748668851
2022-08-24,164.31959533691406,297.0966796875,133.8000030517578,391.15447998046875,0.00010765873250507173
2022-08-25,166.77166748046875,296.07000732421875,137.27999877929688,396.6766052246094,0.00010833333409021771
2022-08-26,160.48446655273438,288.0899963378906,130.75,383.24945068359375,0.0001093254013667031
2022-08-29,158.28744506835938,284.82000732421875,129.7899932861328,380.7153625488281,0.00011103174989185636
2022-08-30,155.86476135253906,277.70001220703125,128.72999572753906,376.5359191894531,0.00011400793279920305
2022-08-31,154.20709228515625,275.6099853515625,126.7699966430664,373.67083740234375,0.00011349205932919941
2022-09-01,154.93295288085938,277.1600036621094,127.81999969482422,374.8432922363281,0.00011361110778081984
2022-09-02,152.8241424560547,270.2099914550781,127.51000213623047,370.890869140625,0.00011190475925566658
2022-09-06,151.56869506835938,274.4200134277344,126.11000061035156,369.4914855957031,0.00011289682653215196
2022-09-07,152.97129821777344,283.70001220703125,129.47999572753906,376.1292724609375,0.00011638889237055703
2022-09-08,151.5000762939453,289.260009765625,129.82000732421875,378.5877990722656,0.00011706349395570301
2022-09-09,154.35427856445312,299.67999267578125,133.27000427246094,384.4692687988281,0.00011777777520437089
2022-09-12,160.29815673828125,304.4200134277344,136.4499969482422,388.6014099121094,0.00011884920180790008
2022-09-13,150.89190673828125,292.1300048828125,126.81999969482422,371.7040710449219,0.00012511905223604232
2022-09-14,152.33372497558594,302.6099853515625,128.5500030517578,373.1224670410156,0.00012412698495955693
2022-09-15,149.45008850097656,303.75,126.27999877929688,368.88629150390625,0.0001228174614527869
2022-09-16,147.8120880126953,303.3500061035156,123.52999877929688,366.0720520019531,0.00012182539417630151
2022-09-19,151.51963806152344,309.07000732421875,124.66000366210938,368.9108581542969,0.00012043651134248764
2022-09-20,153.8932647705078,308.7300109863281,122.19000244140625,364.6763000488281,0.00012869047740149119
2022-09-21,150.77423095703125,300.79998779296875,118.54000091552734,358.31500244140625,0.00012658730385795472
2022-09-22,149.81297302246094,288.5899963378906,117.30999755859375,355.30523681640625,0.00012420635374765549
2022-09-23,147.54725646972656,275.3299865722656,113.77999877929688,349.3521423339844,0.00012333333492279053
2022-09-26,147.88076782226562,276.010009765625,115.1500015258789,345.8960876464844,0.00012559523658146933
2022-09-27,148.85177612304688,282.94000244140625,114.41000366210938,345.0130920410156,0.00012896825396825398
2022-09-28,146.96856689453125,287.80999755859375,118.01000213623047,351.8017272949219,0.00012817460393148755
2022-09-29,139.7496337890625,268.2099914550781,114.80000305175781,344.4529724121094,0.00012769841012500582
2022-09-30,135.55160522460938,265.25,113.0,339.1264953613281,0.00012619047883957152
2022-10-03,139.72019958496094,242.39999389648438,115.87999725341797,348.0798645019531,0.0001250000037844219
2022-10-04,143.3002471923828,249.44000244140625,121.08999633789062,358.86566162109375,0.00013154762131827217
2022-10-05,143.594482421875,240.80999755859375,120.94999694824219,358.0301513671875,0.00013067460249340722
2022-10-06,142.64308166503906,238.1300048828125,120.30000305175781,354.3367919921875,0.000130476194714743
2022-10-07,137.4054412841797,223.07000732421875,114.55999755859375,344.4529724121094,0.00013067460249340722
2022-10-10,137.72906494140625,222.9600067138672,113.66999816894531,341.82293701171875,0.00013035714626312257
2022-10-11,136.31668090820312,216.5,112.20999908447266,339.65826416015625,0.00013253967913370285
2022-10-12,135.68893432617188,217.24000549316406,112.9000015258789,338.53778076171875,0.00014019841239565895
2022-10-13,140.24984741210938,221.72000122070312,112.52999877929688,347.4722595214844,0.00014218253748757498
2022-10-14,135.72817993164062,204.99000549316406,106.9000015258789,339.55377197265625,0.0001439682548008268
2022-10-17,139.68096923828125,219.35000610351562,113.79000091552734,348.2793273925781,0.00014634920491112604
2022-10-18,140.99526977539062,220.19000244140625,116.36000061035156,352.3714294433594,0.00015210317240820992
2022-10-19,141.1031951904297,222.0399932861328,115.06999969482422,349.8742980957031,0.00015448412251850915
2022-10-20,140.6421661376953,207.27999877929688,115.25,346.9405517578125,0.00015436508352794344
2022-10-21,144.44781494140625,214.44000244140625,119.31999969482422,355.3717346191406,0.00015416666628822448
2022-10-24,146.5860137939453,211.25,119.81999969482422,359.7201843261719,0.0001552777820163303
2022-10-25,149.42063903808594,222.4199981689453,120.5999984741211,365.4644470214844,0.00015734126643529014
2022-10-26,146.4879608154297,224.63999938964844,115.66000366210938,362.71099853515625,0.00015595238360147627
2022-10-27,142.02516174316406,225.08999633789062,110.95999908447266,360.7740783691406,0.00015595238360147627
2022-10-28,152.75552368164062,228.52000427246094,103.41000366210938,369.3571472167969,0.0001575396836750091
2022-10-31,150.40145874023438,227.5399932861328,102.44000244140625,366.68914794921875,0.00015773809145367334
2022-11-01,147.7630615234375,227.82000732421875,96.79000091552734,365.0845947265625,0.0001607142932831295
2022-11-02,142.25071716308594,214.97999572753906,92.12000274658203,355.9224548339844,0.0001597222260066441
2022-11-03,136.21859741210938,215.30999755859375,89.30000305175781,352.2574768066406,0.0001597222260066441
2022-11-04,135.95330810546875,207.47000122070312,90.9800033569336,357.32757568359375,0.0001592460322001624
2022-11-07,136.48388671875,197.0800018310547,90.52999877929688,360.74560546875,0.00015805555714501276
2022-11-08,137.05369567871094,191.3000030517578,89.9800033569336,362.6920166015625,0.00016230159335666234
2022-11-09,132.50486755371094,177.58999633789062,86.13999938964844,355.2198181152344,0.00016242063234722803
2022-11-10,144.29443359375,190.72000122070312,96.62999725341797,374.7405700683594,0.000160912691600739
2022-11-11,147.07484436035156,195.97000122070312,100.79000091552734,378.3675537109375,0.00016123016675313314
2022-11-14,145.67970275878906,190.9499969482422,98.48999786376953,375.14886474609375,0.00016142856507074264
2022-11-15,147.4088592529297,194.4199981689453,98.94000244140625,378.34857177734375,0.00016388889343019517
2022-11-16,146.1807861328125,186.9199981689453,97.12000274658203,375.462158203125,0.0001636904761904762
2022-11-17,148.07696533203125,183.1699981689453,94.8499984741211,374.3133239746094,0.00016321428238399446
2022-11-18,148.63694763183594,180.19000244140625,94.13999938964844,376.01287841796875,0.00016408731066991413
2022-11-21,145.41445922851562,167.8699951171875,92.45999908447266,374.6456298828125,0.00016261904958694698
2022-11-22,147.54641723632812,169.91000366210938,93.19999694824219,379.68731689453125,0.00016658729977077908
2022-11-23,148.4208221435547,183.1999969482422,94.12999725341797,382.0798645019531,0.0001666666590978229
2022-11-25,145.5126953125,182.86000061035156,93.41000366210938,381.99444580078125,0.00016567461074344696
2022-11-28,141.69091796875,182.9199981689453,93.94999694824219,375.8989562988281,0.00016599206697373163
2022-11-29,138.6944122314453,180.8300018310547,92.41999816894531,375.2532958984375,0.00016876983264135935
2022-11-30,145.43409729003906,194.6999969482422,96.54000091552734,387.0740051269531,0.00016876983264135935
2022-12-01,145.70916748046875,194.6999969482422,95.5,386.7891540527344,0.00016638888253106012
2022-12-02,145.2179718017578,194.86000061035156,94.12999725341797,386.3429870605469,0.00016698413425021702
2022-12-05,144.0586395263672,182.4499969482422,91.01000213623047,379.39288330078125,0.00016499999969724625
2022-12-06,140.40390014648438,179.82000732421875,88.25,373.924072265625,0.0001674603091345893
2022-12-07,138.46844482421875,174.0399932861328,88.45999908447266,373.2879638671875,0.00016599206697373163
2022-12-08,140.14846801757812,173.44000244140625,90.3499984741211,376.21221923828125,0.00016468254346696157
2022-12-09,139.6670684814453,179.0500030517578,89.08999633789062,373.4018249511719,0.0001655952324942937
2022-12-12,141.9561767578125,167.82000732421875,90.55000305175781,378.7853088378906,0.0001653968341766842
2022-12-13,142.91900634765625,160.9499969482422,92.48999786376953,381.6526794433594,0.00016857143432374985
2022-12-14,140.69863891601562,156.8000030517578,91.58000183105469,379.2124938964844,0.0001674603091345893
2022-12-15,134.10629272460938,157.6699981689453,88.44999694824219,369.9363098144531,0.00016718253256782652
2022-12-16,132.1511993408203,150.22999572753906,87.86000061035156,365.5687561035156,0.00016519841693696523
2022-12-19,130.04872131347656,149.8699951171875,84.91999816894531,362.4689025878906,0.00016519841693696523
2022-12-20,129.9799346923828,137.8000030517578,85.19000244140625,362.9649963378906,0.00016785714361402723
2022-12-21,133.07469177246094,137.57000732421875,86.7699966430664,368.39215087890625,0.00016686507633754187
2022-12-22,129.91119384765625,125.3499984741211,83.79000091552734,363.1366271972656,0.00016698413425021702
2022-12-23,129.5476531982422,123.1500015258789,85.25,365.2254638671875,0.00016638888253106012
2022-12-27,127.74976348876953,109.0999984741211,83.04000091552734,363.7851867675781,0.00016646826078021336
2022-12-28,123.8297348022461,112.70999908447266,81.81999969482422,359.2641296386719,0.00017214285002814398
2022-12-29,127.33711242675781,121.81999969482422,84.18000030517578,365.73101806640625,0.00017043651096404543
2022-12-30,127.6515121459961,123.18000030517578,84.0,364.767578125,0.00016904762813023158
2023-01-03,122.87675476074219,108.0999984741211,85.81999969482422,363.23199462890625,0.00016884921089051262
2023-01-04,124.14411926269531,113.63999938964844,85.13999938964844,366.0361633300781,0.0001746031783875965
2023-01-05,122.82762145996094,110.33999633789062,83.12000274658203,361.8584899902344,0.00017849206924438476
2023-01-06,127.3469467163086,113.05999755859375,86.08000183105469,370.1567077636719,0.00017829365200466577
2023-01-09,127.8676528930664,119.7699966430664,87.36000061035156,369.9468078613281,0.00017789681752522789
2023-01-10,128.4374542236328,118.8499984741211,89.87000274658203,372.54119873046875,0.0001811507959214468
2023-01-11,131.1490936279297,123.22000122070312,95.08999633789062,377.2530822753906,0.00018075396144200885
2023-01-12,131.07046508789062,123.55999755859375,95.2699966430664,378.62652587890625,0.00017757936129494318
2023-01-13,132.39682006835938,122.4000015258789,98.12000274658203,380.0953674316406,0.00017809523476494682
2023-01-17,133.55612182617188,131.49000549316406,96.05000305175781,379.3991394042969,0.00017829365200466577
2023-01-18,132.8389434814453,128.77999877929688,95.45999908447266,373.40924072265625,0.00017976191308763294
2023-01-19,132.89785766601562,127.16999816894531,93.68000030517578,370.6907958984375,0.00017956349584791396
2023-01-20,135.45223999023438,133.4199981689453,97.25,377.59649658203125,0.0001800793693179176
2023-01-23,138.6354522705078,143.75,97.5199966430664,382.1270751953125,0.00017996031140524242
2023-01-24,140.03054809570312,143.88999938964844,96.31999969482422,381.7169189453125,0.00018146825215173144
2023-01-25,139.37232971191406,144.42999267578125,97.18000030517578,381.8600158691406,0.00018035714588468036
2023-01-26,141.4355010986328,160.27000427246094,99.22000122070312,386.0567626953125,0.00018027778655763655
2023-01-27,143.3708953857422,177.89999389648438,102.23999786376953,386.94378662109375,0.00018047618487524608
2023-01-30,140.49232482910156,166.66000366210938,100.55000305175781,382.0888977050781,0.00017996031140524242
2023-01-31,141.75970458984375,173.22000122070312,103.12999725341797,387.70684814453125,0.00018134921316116578
2023-02-01,142.8796844482422,181.41000366210938,105.1500015258789,391.82733154296875,0.000179365078608195
2023-02-02,148.17520141601562,188.27000427246094,112.91000366210938,397.5311584472656,0.0001789682630508665
2023-02-03,151.7906494140625,189.97999572753906,103.38999938964844,393.3057556152344,0.0001794841175987607
2023-02-06,149.06922912597656,194.75999450683594,102.18000030517578,390.902099609375,0.0001798809520781986
2023-02-07,151.9380340576172,196.80999755859375,102.11000061035156,396.0145568847656,0.00018134921316116578
2023-02-08,149.25588989257812,201.2899932861328,100.05000305175781,391.68426513671875,0.0001819444459582132
2023-02-09,148.22430419921875,207.32000732421875,98.23999786376953,388.2887268066406,0.00018305555222526427
2023-02-10,148.58837890625,196.88999938964844,97.61000061035156,389.19488525390625,0.00018392858051118397
2023-02-13,151.38284301757812,194.63999938964844,99.54000091552734,393.76361083984375,0.00018432539606851245
2023-02-14,150.74325561523438,209.25,99.69999694824219,393.5824279785156,0.0001849206288655599
2023-02-15,152.8390655517578,214.24000549316406,101.16000366210938,394.8605041503906,0.00018424603674146864
2023-02-16,151.2450714111328,202.0399932861328,98.1500015258789,389.42376708984375,0.00018511904610527886
2023-02-17,150.10366821289062,208.30999755859375,97.19999694824219,388.4508972167969,0.00018571427890232633
2023-02-21,146.0989532470703,197.3699951171875,94.58000183105469,380.658203125,0.00018603175405472046
2023-02-22,146.52206420898438,200.86000061035156,95.79000091552734,380.13360595703125,0.0001863095306214832
2023-02-23,147.0041961669922,202.07000732421875,95.81999969482422,382.1556396484375,0.00018611111338176424
2023-02-24,144.3572998046875,196.8800048828125,93.5,378.07330322265625,0.00018662698685176788
2023-02-27,145.54794311523438,207.6300048828125,93.76000213623047,379.36102294921875,0.00018511904610527886
2023-02-28,145.04611206054688,205.7100067138672,94.2300033569336,377.95892333984375,0.00018690476341853067
2023-03-01,142.97975158691406,202.77000427246094,92.16999816894531,376.50909423828125,0.0001874999962155781
2023-03-02,143.57017517089844,190.89999389648438,92.12999725341797,379.4373474121094,0.0001874206368885343
2023-03-03,148.60804748535156,197.7899932861328,94.9000015258789,385.5226745605469,0.00018722221964881535
2023-03-06,151.36317443847656,193.80999755859375,93.75,385.7897033691406,0.0001876190541282533
2023-03-07,149.16891479492188,187.7100067138672,93.55000305175781,379.87603759765625,0.00019226189643617659
2023-03-08,150.4185333251953,182.0,93.91999816894531,380.4960632324219,0.0001937698371826656
2023-03-09,148.1751251220703,172.9199981689453,92.25,373.4759826660156,0.00019238095434885176
2023-03-10,146.11865234375,173.44000244140625,90.7300033569336,368.0868835449219,0.00019059523703559997
2023-03-13,148.05702209472656,174.47999572753906,92.43000030517578,367.5622863769531,0.0001848412695385161
2023-03-14,150.14303588867188,183.25999450683594,94.87999725341797,373.6381530761719,0.00018571427890232633
2023-03-15,150.53662109375,180.4499969482422,96.19999694824219,371.3012390136719,0.00018087301935468402
2023-03-16,153.3507537841797,184.1300048828125,100.04000091552734,377.8158264160156,0.00017976191308763294
2023-03-17,152.51437377929688,180.1300048828125,98.94999694824219,373.3981628417969,0.00017035715163700164
2023-03-20,154.87591552734375,183.25,97.70999908447266,376.98858642578125,0.0001771825457376147
2023-03-21,156.72576904296875,197.5800018310547,100.61000061035156,381.9385986328125,0.00018273809599497962
2023-03-22,155.29901123046875,191.14999389648438,98.69999694824219,375.42791748046875,0.00018107143659440298
2023-03-23,156.38136291503906,192.22000122070312,98.70999908447266,376.44281005859375,0.0001786904675619943
2023-03-24,157.68019104003906,190.41000366210938,98.12999725341797,378.91302490234375,0.0001786904675619943
2023-03-27,155.74179077148438,191.80999755859375,98.04000091552734,379.62158203125,0.00018186508663116938
2023-03-28,155.1219024658203,189.19000244140625,97.23999786376953,378.7694091796875,0.00018365078502231174
2023-03-29,158.19186401367188,193.8800048828125,100.25,384.2748107910156,0.000183730163271465
2023-03-30,159.75636291503906,195.27999877929688,102.0,386.5249328613281,0.00018511904610527886
2023-03-31,162.25559997558594,207.4600067138672,103.29000091552734,391.97271728515625,0.0001819444459582132
2023-04-03,163.5052490234375,194.77000427246094,102.41000366210938,393.46636962890625,0.00018134921316116578
2023-04-04,162.97393798828125,192.5800018310547,103.94999694824219,391.2834777832031,0.0001876190541282533
2023-04-05,161.13388061523438,185.52000427246094,101.0999984741211,390.25897216796875,0.0001867063461788117
2023-04-06,162.01947021484375,185.05999755859375,102.05999755859375,391.78131103515625,0.00018690476341853067
2023-04-10,159.43167114257812,184.50999450683594,102.16999816894531,392.18341064453125,0.00019198411986941384
2023-04-11,158.2213897705078,186.7899932861328,99.91999816894531,392.28875732421875,0.00019365079819209992
2023-04-12,157.53260803222656,180.5399932861328,97.83000183105469,390.68975830078125,0.0001928571481553335
2023-04-13,162.90509033203125,185.89999389648438,102.4000015258789,395.87921142578125,0.00019265873091561453
2023-04-14,162.56069946289062,185.0,102.51000213623047,394.9121398925781,0.00019456348721943204
2023-04-17,162.58035278320312,187.0399932861328,102.73999786376953,396.3291931152344,0.00019535713725619844
2023-04-18,163.8004608154297,184.30999755859375,102.30000305175781,396.58770751953125,0.00019960318292890276
2023-04-19,164.94183349609375,180.58999633789062,104.30000305175781,396.5206604003906,0.00019821428117297945
2023-04-20,163.97755432128906,162.99000549316406,103.80999755859375,394.35687255859375,0.00019623016554211814
2023-04-21,162.3737030029297,165.0800018310547,106.95999908447266,394.6632080078125,0.00019642856385972766
2023-04-24,162.67872619628906,162.5500030517578,106.20999908447266,395.0749206542969,0.00019337302162533715
2023-04-25,161.1437530517578,160.6699981689453,102.56999969482422,388.8036193847656,0.0001965476217724028
2023-04-26,161.13388061523438,153.75,104.9800033569336,387.15673828125,0.00019781746561565097
2023-04-27,165.70936584472656,160.19000244140625,109.81999969482422,394.8643493652344,0.0001984126984126984
2023-04-28,166.95895385742188,164.30999755859375,105.44999694824219,398.2345886230469,0.00019535713725619844
2023-05-01,166.87042236328125,161.8300018310547,102.05000305175781,397.83245849609375,0.00019305554647294302
2023-05-02,165.83724975585938,160.30999755859375,103.62999725341797,393.3610534667969,0.00019999999848623124
2023-05-03,164.76473999023438,160.61000061035156,103.6500015258789,390.66107177734375,0.00020218253135681152
2023-05-04,163.13134765625,161.1999969482422,104.0,387.8939514160156,0.0002005952312832787
2023-05-05,170.78662109375,170.05999755859375,105.66000366210938,395.0749206542969,0.00020158729855976408
2023-05-08,170.7177276611328,171.7899932861328,105.83000183105469,395.18017578125,0.00020170635647243925
2023-05-09,169.01547241210938,169.14999389648438,106.62000274658203,393.447265625,0.00020329365654597208
2023-05-10,170.77674865722656,168.5399932861328,110.19000244140625,395.28558349609375,0.00020099206576271663
2023-05-11,170.9637451171875,172.0800018310547,112.18000030517578,394.59625244140625,0.00019900793120974586
2023-05-12,170.03750610351562,167.97999572753906,110.26000213623047,394.0792236328125,0.00019952380467974952
2023-05-15,169.5448455810547,166.35000610351562,111.19999694824219,395.4388122558594,0.0001984126984126984
2023-05-16,169.5448455810547,166.52000427246094,113.4000015258789,392.7961730957031,0.00020071428919595384
2023-05-17,170.15576171875,173.86000061035156,115.5,397.5643310546875,0.00020190475479004875
2023-05-18,172.48110961914062,176.88999938964844,118.1500015258789,401.3941345214844,0.00020337301587301587
2023-05-19,172.5894775390625,180.13999938964844,116.25,400.8100891113281,0.00020178571579948303
2023-05-22,171.64356994628906,188.8699951171875,115.01000213623047,400.97283935546875,0.00020218253135681152
2023-05-23,169.04232788085938,185.77000427246094,114.98999786376953,396.4728088378906,0.00020448412214006697
2023-05-24,169.31822204589844,182.89999389648438,116.75,393.6004333496094,0.00020575396598331513
2023-05-25,170.45132446289062,184.47000122070312,115.0,397.00897216796875,0.00020488095661950491
2023-05-26,172.8555145263672,193.1699981689453,120.11000061035156,402.1505126953125,0.00020297618139357795
2023-05-30,174.69805908203125,201.16000366210938,121.66000366210938,402.3036193847656,0.00020408730658273848
2023-05-31,174.6488494873047,203.92999267578125,120.58000183105469,400.0728759765625,0.0002082539740062895
2023-06-01,177.4471435546875,207.52000427246094,122.7699966430664,403.87396240234375,0.00020646825669303775
2023-06-02,178.2945098876953,213.97000122070312,124.25,409.7144470214844,0.00020694445049951947
2023-06-05,176.94464111328125,217.61000061035156,125.30000305175781,408.9292297363281,0.00020408730658273848
2023-06-06,176.58004760742188,221.30999755859375,126.61000061035156,409.81976318359375,0.00020468253937978596
2023-06-07,175.21047973632812,224.57000732421875,121.2300033569336,408.4026794433594,0.00020448412214006697
2023-06-08,177.92013549804688,234.86000061035156,124.25,410.87298583984375,0.00020238094859653048
2023-06-09,178.30441284179688,244.39999389648438,123.43000030517578,411.6101989746094,0.00020218253135681152
2023-06-12,181.09283447265625,249.8300018310547,126.56999969482422,415.3442077636719,0.00020218253135681152
2023-06-13,180.619873046875,258.7099914550781,126.66000366210938,418.0825500488281,0.00020238094859653048
2023-06-14,181.25050354003906,256.7900085449219,126.41999816894531,418.5804748535156,0.00020158729855976408
2023-06-15,183.28028869628906,255.89999389648438,127.11000061035156,423.76983642578125,0.0002005952312832787
2023-06-16,182.2062530517578,260.5400085449219,125.48999786376953,422.326416015625,0.00020099206576271663
2023-06-20,182.29490661621094,274.45001220703125,125.77999877929688,420.1353454589844,0.00020138888132004512
2023-06-21,181.26039123535156,259.4599914550781,124.83000183105469,417.982666015625,0.0002037698503524538
2023-06-22,184.2557373046875,264.6099853515625,130.14999389648438,419.49151611328125,0.0002037698503524538
2023-06-23,183.9404296875,256.6000061035156,129.3300018310547,416.3200988769531,0.0002038888893430195
2023-06-26,182.55116271972656,241.0500030517578,127.33000183105469,414.6191101074219,0.00020456350038922024
2023-06-27,185.30020141601562,250.2100067138672,129.17999267578125,419.1647644042969,0.00020555554874359614
2023-06-28,186.47274780273438,256.239990234375,129.0399932861328,419.3761901855469,0.00020515873318626766
2023-06-29,186.80770874023438,257.5,127.9000015258789,421.0290832519531,0.00020535715042598664
2023-06-30,191.12347412109375,261.7699890136719,130.36000061035156,425.9975280761719,0.00020448412214006697
2023-07-03,189.63558959960938,279.82000732421875,130.22000122070312,426.48760986328125,0.0002041666659097823
2023-07-05,188.52218627929688,282.4800109863281,130.3800048828125,425.85333251953125,0.0002060714222135998
2023-07-06,188.99513244628906,276.5400085449219,128.36000061035156,422.5186462402344,0.0002068650722503662
2023-07-07,187.88172912597656,274.42999267578125,129.77999877929688,421.4518737792969,0.0002068650722503662
2023-07-10,185.84213256835938,269.6099853515625,127.12999725341797,422.5186462402344,0.00020734126605684796
2023-07-11,185.3198699951172,269.7900085449219,128.77999877929688,425.2094421386719,0.00020805555676657055
2023-07-12,186.985107421875,271.989990234375,130.8000030517578,428.630615234375,0.00020753968329656692
2023-07-13,187.7437744140625,277.8999938964844,134.3000030517578,432.0326232910156,0.00020726190672980415
2023-07-14,187.89161682128906,281.3800048828125,134.67999267578125,431.763671875,0.00020694445049951947
2023-07-17,191.1431427001953,290.3800048828125,133.55999755859375,433.2627868652344,0.00020765872228713263
2023-07-18,190.88699340820312,293.3399963378906,132.8300018310547,436.48211669921875,0.0002082539740062895
2023-07-19,192.2368927001953,291.260009765625,135.36000061035156,437.4527282714844,0.00020813491609361436
2023-07-20,190.29579162597656,262.8999938964844,129.9600067138672,434.55047607421875,0.00020805555676657055
2023-07-21,189.1232452392578,260.0199890136719,130.0,434.55047607421875,0.0002082539740062895
2023-07-24,189.9213409423828,269.05999755859375,128.8000030517578,436.4917297363281,0.00020833333333333332
2023-07-25,190.7786102294922,265.2799987792969,129.1300048828125,437.68341064453125,0.0002089285661303808
2023-07-26,191.64569091796875,264.3500061035156,128.14999389648438,437.7507019042969,0.00020904762404305594
2023-07-27,190.3844757080078,255.7100067138672,128.25,434.848388671875,0.00020904762404305594
2023-07-28,192.95616149902344,266.44000244140625,132.2100067138672,439.10577392578125,0.0002085317505730523
2023-07-31,193.56703186035156,267.42999267578125,133.67999267578125,439.9417724609375,0.0002082539740062895
2023-08-01,192.73936462402344,261.07000732421875,131.69000244140625,438.682861328125,0.00020873016781277126
2023-08-02,189.7538604736328,254.11000061035156,128.2100067138672,432.5804443359375,0.00020873016781277126
2023-08-03,188.3645477294922,259.32000732421875,128.91000366210938,431.3406982421875,0.00020865078956361802
2023-08-04,179.3192596435547,253.86000061035156,139.57000732421875,429.3898620605469,0.00020845237232389904
2023-08-07,176.22535705566406,251.4499969482422,142.22000122070312,433.1378173828125,0.00020873016781277126
2023-08-08,177.1614227294922,249.6999969482422,139.94000244140625,431.25421142578125,0.00020932540060981873
2023-08-09,175.57501220703125,242.19000244140625,137.85000610351562,428.3711853027344,0.0002095238178495377
2023-08-10,175.35826110839844,245.33999633789062,138.55999755859375,428.5249938964844,0.00020904762404305594
2023-08-11,175.4174346923828,242.64999389648438,138.41000366210938,428.27508544921875,0.0002089285661303808
2023-08-14,177.06517028808594,239.75999450683594,140.57000732421875,430.63916015625,0.00020912698337009975
2023-08-15,175.08197021484375,232.9600067138672,137.6699981689453,425.6227111816406,0.0002095238178495377
2023-08-16,174.2137451171875,225.60000610351562,135.07000732421875,422.4994812011719,0.0002097222161671472
2023-08-17,171.6780548095703,219.22000122070312,133.97999572753906,419.2800598144531,0.00020944443960038442
2023-08-18,172.1614990234375,215.49000549316406,133.22000122070312,419.48187255859375,0.00020944443960038442
2023-08-21,173.49349975585938,231.27999877929688,134.67999267578125,422.2110900878906,0.0002095238178495377
2023-08-22,174.8649444580078,233.19000244140625,134.25,421.0675048828125,0.00021011905064658514
2023-08-23,178.7030029296875,236.86000061035156,135.52000427246094,425.7572937011719,0.00021011905064658514
2023-08-24,174.0262908935547,230.0399932861328,131.83999633789062,419.85662841796875,0.0002104365068768698
2023-08-25,176.2265167236328,238.58999633789062,133.25999450683594,422.81658935546875,0.00021091270068335157
2023-08-28,177.78541564941406,238.82000732421875,133.13999938964844,425.49774169921875,0.00021123015691363621
2023-08-29,181.6629638671875,257.17999267578125,134.91000366210938,431.64825439453125,0.00021111111792307052
2023-08-30,185.14588928222656,256.8999938964844,135.07000732421875,433.4261779785156,0.00021091270068335157
2023-08-31,185.36294555664062,258.0799865722656,138.00999450683594,432.7918395996094,0.00021023808963715085
2023-09-01,186.93173217773438,245.00999450683594,138.1199951171875,433.59912109375,0.00020904762404305594
2023-09-05,187.1685028076172,256.489990234375,137.27000427246094,431.7251281738281,0.00020944443960038442
2023-09-06,180.46914672851562,251.9199981689453,135.36000061035156,428.8228759765625,0.0002103174678863041
2023-09-07,175.19053649902344,251.49000549316406,137.85000610351562,427.50628662109375,0.00020964285684010338
2023-09-08,175.80224609375,248.5,138.22999572753906,428.1501159667969,0.00021003969131954133
2023-09-11,176.96652221679688,273.5799865722656,143.10000610351562,430.9659423828125,0.00021003969131954133
2023-09-12,173.9473419189453,267.4800109863281,141.22999572753906,428.60186767578125,0.00021051586620391362
2023-09-13,171.88523864746094,271.29998779296875,144.85000610351562,429.1015930175781,0.00021051586620391362
2023-09-14,173.39483642578125,276.0400085449219,144.72000122070312,432.80145263671875,0.00021011905064658514
2023-09-15,172.67454528808594,274.3900146484375,140.38999938964844,427.5868835449219,0.00021023808963715085
2023-09-18,175.59506225585938,265.2799987792969,139.97999572753906,427.83770751953125,0.0002103174678863041
2023-09-19,176.68038940429688,266.5,137.6300048828125,426.9503479003906,0.00021071428344363258
2023-09-20,173.148193359375,262.5899963378906,135.2899932861328,423.02532958984375,0.00021091270068335157
2023-09-21,171.6089630126953,255.6999969482422,129.3300018310547,416.03338623046875,0.00021051586620391362
2023-09-22,172.4574737548828,244.8800048828125,129.1199951171875,415.0979309082031,0.00021051586620391362
2023-09-25,173.73028564453125,246.99000549316406,131.27000427246094,416.8434753417969,0.00021083334135630776
2023-09-26,169.665283203125,244.1199951171875,125.9800033569336,410.71954345703125,0.00021130951624068002
2023-09-27,168.15565490722656,240.5,125.9800033569336,410.8834533691406,0.00021150793348039898
2023-09-28,168.41221618652344,246.3800048828125,125.9800033569336,413.26556396484375,0.00021063492411658877
2023-09-29,168.92527770996094,250.22000122070312,127.12000274658203,412.2626037597656,0.0002103174678863041
2023-10-02,171.4313507080078,251.60000610351562,129.4600067138672,412.0986328125,0.00021091270068335157
2023-10-03,170.09939575195312,246.52999877929688,124.72000122070312,406.582275390625,0.00021190476795983693
2023-10-04,171.34255981445312,261.1600036621094,127.0,409.5429382324219,0.00021170635072011797
2023-10-05,172.5758819580078,260.04998779296875,125.95999908447266,409.3887023925781,0.00021130951624068002
2023-10-06,175.1214599609375,260.5299987792969,127.95999908447266,414.2492980957031,0.0002122222241901216
2023-10-09,176.60147094726562,259.6700134277344,128.25999450683594,416.9013671875,0.0002122222241901216
2023-10-10,176.0094451904297,263.6199951171875,129.47999572753906,419.0712890625,0.00021123015691363621
2023-10-11,177.400634765625,262.989990234375,131.8300018310547,420.78790283203125,0.00021170635072011797
2023-10-12,178.29849243164062,258.8699951171875,132.3300018310547,418.2225646972656,0.00021170635072011797
2023-10-13,176.46331787109375,251.1199951171875,129.7899932861328,416.13946533203125,0.00021142857415335517
2023-10-16,176.33502197265625,253.9199981689453,132.5500030517578,420.5178527832031,0.00021142857415335517
2023-10-17,174.78599548339844,254.85000610351562,131.47000122070312,420.49853515625,0.00021190476795983693
2023-10-18,173.49349975585938,242.67999267578125,128.1300048828125,414.8954162597656,0.00021150793348039898
2023-10-19,173.11856079101562,220.11000061035156,128.39999389648438,411.24993896484375,0.00021071428344363258
2023-10-20,170.57298278808594,211.99000549316406,125.16999816894531,406.19647216796875,0.0002103174678863041
2023-10-23,170.69137573242188,212.0800018310547,126.55999755859375,405.4924621582031,0.00021003969131954133
2023-10-24,171.12551879882812,216.52000427246094,128.55999755859375,408.5496520996094,0.00021063492411658877
2023-10-25,168.8167266845703,212.4199981689453,121.38999938964844,402.6860656738281,0.00021091270068335157
2023-10-26,164.66293334960938,205.75999450683594,119.56999969482422,397.8640441894531,0.0002103174678863041
2023-10-27,165.97515869140625,207.3000030517578,127.73999786376953,396.0606689453125,0.00021051586620391362
2023-10-30,168.01754760742188,197.36000061035156,132.7100067138672,400.7958068847656,0.00021083334135630776
2023-10-31,168.49114990234375,200.83999633789062,133.08999633789062,403.31292724609375,0.00021111111792307052
2023-11-01,171.64842224121094,205.66000366210938,137.0,407.6141357421875,0.0002103174678863041
2023-11-02,175.2003936767578,218.50999450683594,138.07000732421875,415.42584228515625,0.00020912698337009975
2023-11-03,174.29266357421875,219.9600067138672,138.60000610351562,419.21588134765625,0.00020845237232389904
2023-11-06,176.83822631835938,219.27000427246094,139.74000549316406,420.1803283691406,0.00020873016781277126
2023-11-07,179.3936767578125,222.17999267578125,142.7100067138672,421.37615966796875,0.00020924602236066547
2023-11-08,180.44943237304688,222.11000061035156,142.0800018310547,421.684814453125,0.00020904762404305594
2023-11-09,179.975830078125,209.97999572753906,140.60000610351562,418.3961486816406,0.00020884920680333698
2023-11-10,184.1548614501953,214.64999389648438,143.55999755859375,424.9252014160156,0.00020833333333333332
2023-11-13,182.57412719726562,223.7100067138672,142.58999633789062,424.5201416015625,0.00020873016781277126
2023-11-14,185.18234252929688,237.41000366210938,145.8000030517578,432.7561340332031,0.00020845237232389904
2023-11-15,185.74546813964844,242.83999633789062,143.1999969482422,433.67230224609375,0.0002085317505730523
2023-11-16,187.4250030517578,233.58999633789062,142.8300018310547,434.2027282714844,0.00020805555676657055
2023-11-17,187.4052276611328,234.3000030517578,145.17999267578125,434.74285888671875,0.00020765872228713263
2023-11-20,189.14402770996094,235.60000610351562,146.1300048828125,438.08929443359375,0.00020785713952685162
2023-11-21,188.3437957763672,241.1999969482422,143.89999389648438,437.1344909667969,0.0002085317505730523
2023-11-22,189.00572204589844,234.2100067138672,146.7100067138672,438.8222351074219,0.0002089285661303808
2023-11-24,187.68186950683594,235.4499969482422,146.74000549316406,439.0922546386719,0.00020845237232389904
2023-11-27,187.5040283203125,236.0800018310547,147.72999572753906,438.30145263671875,0.00020865078956361802
2023-11-28,188.106689453125,246.72000122070312,147.02999877929688,438.73541259765625,0.00020873016781277126
2023-11-29,187.08908081054688,244.13999938964844,146.32000732421875,438.4267883300781,0.00020793649885389538
2023-11-30,187.662109375,240.0800018310547,146.08999633789062,440.1530456542969,0.00020785713952685162
2023-12-01,188.9365692138672,238.8300018310547,147.02999877929688,442.7570495605469,0.00020694445049951947
2023-12-04,187.14837646484375,235.5800018310547,144.83999633789062,440.43280029296875,0.00020726190672980415
2023-12-05,191.09027099609375,238.72000122070312,146.8800048828125,440.3459167480469,0.00020805555676657055
2023-12-06,190.00355529785156,239.3699951171875,144.52000427246094,438.5714416503906,0.00020805555676657055
2023-12-07,191.93006896972656,242.63999938964844,146.8800048828125,441.9179992675781,0.00020765872228713263
2023-12-08,193.3527374267578,243.83999633789062,147.4199981689453,443.81787109375,0.00020765872228713263
2023-12-11,190.8531951904297,239.74000549316406,145.88999938964844,445.5440368652344,0.00020765872228713263
2023-12-12,192.36476135253906,237.00999450683594,147.47999572753906,447.5789794921875,0.0002082539740062895
2023-12-13,195.57559204101562,239.2899932861328,148.83999633789062,453.7511901855469,0.00020726190672980415
2023-12-14,195.72381591796875,251.0500030517578,147.4199981689453,455.2074279785156,0.00020694445049951947
2023-12-15,195.19032287597656,253.5,149.97000122070312,454.4578857421875,0.00020734126605684796
2023-12-18,193.5305633544922,252.0800018310547,154.07000732421875,457.0142822265625,0.00020734126605684796
2023-12-19,194.5679168701172,257.2200012207031,153.7899932861328,459.7933044433594,0.00020785713952685162
2023-12-20,192.4833221435547,247.13999938964844,152.1199951171875,453.421875,0.00020753968329656692
2023-12-21,192.3351287841797,254.5,153.83999633789062,457.7211608886719,0.0002067460332598005
2023-12-22,191.2681427001953,252.5399932861328,153.4199981689453,458.6409912109375,0.00020666667393275668
2023-12-26,190.72476196289062,256.6099853515625,153.41000366210938,460.5776672363281,0.00020646825669303775
2023-12-27,190.82354736328125,261.44000244140625,153.33999633789062,461.4104309082031,0.0002077381005362859
2023-12-28,191.2483673095703,253.17999267578125,153.3800048828125,461.5846862792969,0.0002070634894900852
2023-12-29,190.2110137939453,248.47999572753906,151.94000244140625,460.2484436035156,0.00020555554874359614
2024-01-02,183.40399169921875,248.4199981689453,149.92999267578125,457.6727600097656,0.0002068650722503662
2024-01-03,182.03077697753906,238.4499969482422,148.47000122070312,453.9350891113281,0.0002077381005362859
2024-01-04,179.71893310546875,237.92999267578125,144.57000732421875,452.47283935546875,0.0002074603239695231
2024-01-05,178.9977264404297,237.49000549316406,145.24000549316406,453.09259033203125,0.00020714284881712897
2024-01-08,183.324951171875,240.4499969482422,149.10000610351562,459.5609436035156,0.00020714284881712897
2024-01-09,182.91006469726562,234.9600067138672,151.3699951171875,458.8637390136719,0.00020753968329656692
2024-01-10,183.9473876953125,233.94000244140625,153.72999572753906,461.4588317871094,0.00020734126605684796
2024-01-11,183.35459899902344,227.22000122070312,155.17999267578125,461.2554931640625,0.0002070634894900852
2024-01-12,183.6806182861328,218.88999938964844,154.6199951171875,461.574951171875,0.0002062698394533188
2024-01-16,181.418212890625,219.91000366210938,153.16000366210938,459.8804931640625,0.00020646825669303775
2024-01-17,180.47964477539062,215.5500030517578,151.7100067138672,457.32415771484375,0.00020694445049951947
2024-01-18,186.35800170898438,211.8800048828125,153.5,461.3909912109375,0.00020634919878036254
2024-01-19,189.25267028808594,212.19000244140625,155.33999633789062,467.14276123046875,0.0002062698394533188
2024-01-22,191.5546417236328,208.8000030517578,154.77999877929688,468.1304931640625,0.00020634919878036254
2024-01-23,192.82908630371094,209.13999938964844,156.02000427246094,469.49578857421875,0.0002067460332598005
2024-01-24,192.1573028564453,207.8300018310547,156.8699951171875,470.009033203125,0.0002067460332598005
2024-01-25,191.83123779296875,182.6300048828125,157.75,472.56536865234375,0.00020615080046275307
2024-01-26,190.1023406982422,183.25,159.1199951171875,471.96502685546875,0.00020634919878036254
2024-01-29,189.42063903808594,190.92999267578125,161.25999450683594,475.7026672363281,0.00020634919878036254
2024-01-30,185.77511596679688,191.58999633789062,159.0,475.334716796875,0.00020646825669303775
2024-01-31,182.17893981933594,187.2899932861328,155.1999969482422,467.5785217285156,0.00020587302389599027
2024-02-01,184.6092987060547,188.86000061035156,159.27999877929688,473.69830322265625,0.00020634919878036254
2024-02-02,183.61151123046875,187.91000366210938,171.80999755859375,478.68511962890625,0.0002067460332598005
2024-02-05,185.41946411132812,181.05999755859375,170.30999755859375,476.942138671875,0.0002074603239695231
2024-02-06,187.01992797851562,185.10000610351562,169.14999389648438,478.3268737792969,0.00020726190672980415
2024-02-07,187.12860107421875,187.5800018310547,170.52999877929688,482.3162841796875,0.00020726190672980415
2024-02-08,186.0517578125,189.55999755859375,169.83999633789062,482.5293273925781,0.0002070634894900852
2024-02-09,186.81341552734375,193.57000732421875,174.4499969482422,485.3180236816406,0.00020714284881712897
2024-02-12,185.13174438476562,188.1300048828125,172.33999633789062,485.10498046875,0.0002074603239695231
2024-02-13,183.0445098876953,184.02000427246094,168.63999938964844,478.4236755371094,0.00020765872228713263
2024-02-14,182.1641082763672,188.7100067138672,170.97999572753906,482.7713623046875,0.0002070634894900852
2024-02-15,181.87725830078125,200.4499969482422,169.8000030517578,486.10235595703125,0.0002070634894900852
2024-02-16,180.34396362304688,199.9499969482422,169.50999450683594,483.6816101074219,0.00020726190672980415
2024-02-20,179.60203552246094,193.75999450683594,167.0800018310547,481.01873779296875,0.0002068650722503662
2024-02-21,180.3538818359375,194.77000427246094,168.58999633789062,481.4544677734375,0.0002077381005362859
2024-02-22,182.38172912597656,197.41000366210938,174.5800018310547,491.41839599609375,0.00020765872228713263
2024-02-23,180.5516815185547,191.97000122070312,174.99000549316406,491.75732421875,0.00020793649885389538
2024-02-26,179.20635986328125,199.39999389648438,174.72999572753906,489.956298828125,0.00020833333333333332
2024-02-27,180.66050720214844,199.72999572753906,173.5399932861328,490.8663635253906,0.00020813491609361436
2024-02-28,179.46356201171875,202.0399932861328,173.16000366210938,490.2177429199219,0.00020793649885389538
2024-02-29,178.80076599121094,201.8800048828125,176.75999450683594,491.9800109863281,0.00020726190672980415
2024-03-01,177.7225341796875,202.63999938964844,178.22000122070312,496.5989074707031,0.00020694445049951947
2024-03-04,173.2117462158203,188.13999938964844,177.5800018310547,496.0662841796875,0.00020726190672980415
2024-03-05,168.285400390625,180.74000549316406,174.1199951171875,491.1085510253906,0.00020734126605684796
2024-03-06,167.29617309570312,176.5399932861328,173.50999450683594,493.59710693359375,0.00020753968329656692
2024-03-07,167.177490234375,178.64999389648438,176.82000732421875,498.4967956542969,0.0002074603239695231
2024-03-08,168.88880920410156,175.33999633789062,175.35000610351562,495.5046691894531,0.0002074603239695231
2024-03-11,170.88705444335938,177.77000427246094,171.9600067138672,495.07861328125,0.00020793649885389538
2024-03-12,171.3618621826172,177.5399932861328,175.38999938964844,500.4043884277344,0.00020793649885389538
2024-03-13,169.28453063964844,169.47999572753906,176.55999755859375,499.6199951171875,0.00020785713952685162
2024-03-14,171.1343231201172,162.5,178.75,498.63226318359375,0.00020785713952685162
2024-03-15,170.75845336914062,163.57000732421875,174.4199981689453,495.2084045410156,0.00020785713952685162
2024-03-18,171.84658813476562,173.8000030517578,174.47999572753906,498.1515197753906,0.00020785713952685162
2024-03-19,174.18115234375,171.32000732421875,175.89999389648438,500.9197998046875,0.00020785713952685162
2024-03-20,176.7432098388672,175.66000366210938,178.14999389648438,505.55291748046875,0.0002074603239695231
2024-03-21,169.52191162109375,172.82000732421875,178.14999389648438,507.2236633300781,0.0002074603239695231
2024-03-22,170.422119140625,170.8300018310547,178.8699951171875,506.2620544433594,0.00020714284881712897
2024-03-25,169.0075225830078,172.6300048828125,179.7100067138672,504.8633728027344,0.0002070634894900852
2024-03-26,167.8798370361328,177.6699981689453,178.3000030517578,503.9308166503906,0.0002070634894900852
2024-03-27,171.44102478027344,179.8300018310547,179.8300018310547,508.1658935546875,0.00020694445049951947
2024-03-28,169.6307373046875,175.7899932861328,180.3800048828125,508.06878662109375,0.00020646825669303775
2024-04-01,168.19638061523438,175.22000122070312,180.97000122070312,507.18475341796875,0.0002070634894900852
2024-04-02,167.01922607421875,166.6300048828125,180.69000244140625,503.96014404296875,0.0002068650722503662
2024-04-03,167.82046508789062,168.3800048828125,182.41000366210938,504.51361083984375,0.0002067460332598005
2024-04-04,166.9994354248047,171.11000061035156,180.0,498.3554992675781,0.00020646825669303775
2024-04-05,167.75120544433594,164.89999389648438,185.07000732421875,503.561767578125,0.00020694445049951947
2024-04-08,166.6334228515625,172.97999572753906,185.19000244140625,503.84344482421875,0.00020726190672980415
2024-04-09,167.8402557373047,176.8800048828125,185.6699981689453,504.4263000488281,0.00020714284881712897
2024-04-10,165.9706573486328,171.75999450683594,185.9499969482422,499.3753356933594,0.00020805555676657055
2024-04-11,173.15232849121094,174.60000610351562,189.0500030517578,503.1441650390625,0.00020785713952685162
2024-04-12,174.6460723876953,171.0500030517578,186.1300048828125,496.1991882324219,0.00020753968329656692
2024-04-15,170.82769775390625,161.47999572753906,183.6199951171875,489.98272705078125,0.00020785713952685162
2024-04-16,167.5533905029297,157.11000061035156,183.32000732421875,489.0890808105469,0.00020765872228713263
2024-04-17,166.1882781982422,155.4499969482422,181.27999877929688,486.194580078125,0.00020793649885389538
2024-04-18,165.23861694335938,149.92999267578125,179.22000122070312,485.194091796875,0.00020805555676657055
2024-04-19,163.22064208984375,147.0500030517578,174.6300048828125,480.9591369628906,0.00020813491609361436
2024-04-22,164.05157470703125,142.0500030517578,177.22999572753906,485.3883972167969,0.00020813491609361436
2024-04-23,165.10011291503906,144.67999267578125,179.5399932861328,491.1483154296875,0.00020813491609361436
2024-04-24,167.19729614257812,162.1300048828125,176.58999633789062,490.9151916503906,0.0002085317505730523
2024-04-25,168.05787658691406,170.17999267578125,173.6699981689453,489.0502624511719,0.00020813491609361436
2024-04-26,167.4742431640625,168.2899932861328,179.6199951171875,493.6834716796875,0.00020785713952685162
2024-04-29,171.62893676757812,194.0500030517578,180.9600067138672,495.43182373046875,0.00020805555676657055
2024-04-30,168.4931640625,183.27999877929688,175.0,487.5835266113281,0.00020813491609361436
2024-05-01,167.4742431640625,179.99000549316406,179.0,486.0002746582031,0.00020833333333333332
2024-05-02,171.1640625,180.00999450683594,184.72000122070312,490.5461120605469,0.00020785713952685162
2024-05-03,181.40240478515625,181.19000244140625,186.2100067138672,496.6265563964844,0.0002077381005362859
2024-05-06,179.7504119873047,184.75999450683594,188.6999969482422,501.755126953125,0.00020793649885389538
2024-05-07,180.43299865722656,177.80999755859375,188.75999450683594,502.3088073730469,0.00020805555676657055
2024-05-08,180.76931762695312,174.72000122070312,188.0,502.3572998046875,0.00020813491609361436
2024-05-09,182.57958984375,171.97000122070312,189.5,505.25189208984375,0.00020793649885389538
2024-05-10,181.3215789794922,168.47000122070312,187.47999572753906,505.9027099609375,0.00020805555676657055
2024-05-13,184.5210723876953,171.88999938964844,186.57000732421875,505.97064208984375,0.00020793649885389538
2024-05-14,185.6602325439453,177.5500030517578,187.07000732421875,508.2920837402344,0.0002077381005362859
2024-05-15,187.92860412597656,173.99000549316406,185.99000549316406,514.5863037109375,0.00020793649885389538
2024-05-16,188.0474395751953,174.83999633789062,183.6300048828125,513.527587890625,0.00020805555676657055
2024-05-17,188.07717895507812,177.4600067138672,184.6999969482422,514.2656860351562,0.00020793649885389538
2024-05-20,189.23611450195312,174.9499969482422,183.5399932861328,514.8583374023438,0.00020793649885389538
2024-05-21,190.53375244140625,186.60000610351562,183.14999389648438,516.1209106445312,0.00020793649885389538
2024-05-22,189.0974578857422,180.11000061035156,183.1300048828125,514.6348876953125,0.00020813491609361436
2024-05-23,185.1154022216797,173.74000549316406,181.0500030517578,510.87579345703125,0.00020813491609361436
2024-05-24,188.1861114501953,179.24000549316406,180.75,514.2559814453125,0.00020813491609361436
2024-05-28,188.196044921875,176.75,182.14999389648438,514.615478515625,0.0002082539740062895
2024-05-29,188.4932098388672,176.19000244140625,182.02000427246094,511.0118408203125,0.00020833333333333332
2024-05-30,189.48373413085938,178.7899932861328,179.32000732421875,507.62188720703125,0.0002082539740062895
2024-05-31,190.4346923828125,178.0800018310547,176.44000244140625,512.2454833984375,0.00020813491609361436
2024-06-03,192.19790649414062,176.2899932861328,178.33999633789062,512.6630249023438,0.00020805555676657055
2024-06-04,192.51487731933594,174.77000427246094,179.33999633789062,513.236083984375,0.00020793649885389538
2024-06-05,194.02052307128906,175.0,181.27999877929688,519.3360595703125,0.00020793649885389538
2024-06-06,192.64364624023438,177.94000244140625,185.0,519.3262939453125,0.00020765872228713263
2024-06-07,195.03089904785156,177.47999572753906,184.3000030517578,518.6948852539062,0.00020785713952685162
2024-06-10,191.29649353027344,173.7899932861328,187.05999755859375,520.297607421875,0.00020765872228713263
2024-06-11,205.19398498535156,170.66000366210938,187.22999572753906,521.5506591796875,0.00020813491609361436
2024-06-12,211.05812072753906,177.2899932861328,186.88999938964844,525.834228515625,0.00020805555676657055
2024-06-13,212.21707153320312,182.47000122070312,183.8300018310547,526.8929443359375,0.00020793649885389538
2024-06-14,210.4835968017578,178.00999450683594,183.66000366210938,527.2135620117188,0.00020793649885389538
2024-06-17,214.62413024902344,187.44000244140625,184.05999755859375,531.4096069335938,0.00020805555676657055
2024-06-18,212.26658630371094,184.86000061035156,182.80999755859375,532.7598266601562,0.0002077381005362859
2024-06-20,207.70013427734375,181.57000732421875,186.10000610351562,531.3124389648438,0.00020734126605684796
2024-06-21,205.5308074951172,183.00999450683594,189.0800018310547,530.60009765625,0.00020694445049951947
2024-06-24,206.1746826171875,182.5800018310547,185.57000732421875,528.875244140625,0.0002067460332598005
2024-06-25,207.0959014892578,187.35000610351562,186.33999633789062,530.911865234375,0.00020726190672980415
2024-06-26,211.23641967773438,196.3699951171875,193.61000061035156,531.5746459960938,0.00020753968329656692
2024-06-27,212.07839965820312,197.4199981689453,197.85000610351562,532.4126586914062,0.00020726190672980415
2024-06-28,208.63124084472656,197.8800048828125,193.25,530.3174438476562,0.0002068650722503662
2024-07-01,214.703369140625,209.86000061035156,197.1999969482422,531.4089965820312,0.0002070634894900852
2024-07-02,218.19012451171875,231.25999450683594,200.0,534.9851684570312,0.0002074603239695231
2024-07-03,219.45802307128906,246.38999938964844,197.58999633789062,537.37255859375,0.00020753968329656692
2024-07-05,224.20278930664062,251.52000427246094,200.0,540.4713745117188,0.00020734126605684796
2024-07-08,225.66885375976562,252.94000244140625,199.2899932861328,541.0950317382812,0.0002070634894900852
2024-07-09,226.5207061767578,262.3299865722656,199.33999633789062,541.6211547851562,0.00020734126605684796
2024-07-10,230.7801055908203,263.260009765625,199.7899932861328,546.9805908203125,0.00020734126605684796
2024-07-11,225.4212188720703,241.02999877929688,195.0500030517578,542.2642822265625,0.0002062698394533188
2024-07-12,228.36317443847656,248.22999572753906,194.49000549316406,545.6846313476562,0.0002062698394533188
2024-07-15,232.18667602539062,252.63999938964844,192.72000122070312,547.1852416992188,0.0002060714222135998
2024-07-16,232.60275268554688,256.55999755859375,193.02000427246094,550.4302368164062,0.0002060714222135998
2024-07-17,226.71885681152344,248.5,187.92999267578125,542.7125854492188,0.00020615080046275307
2024-07-18,222.06321716308594,249.22999572753906,183.75,538.5419311523438,0.0002060714222135998
2024-07-19,222.19198608398438,239.1999969482422,183.1300048828125,534.9656982421875,0.0002060714222135998
2024-07-22,221.84530639648438,251.50999450683594,182.5500030517578,540.4811401367188,0.00020595238322303409
2024-07-23,222.88536071777344,246.3800048828125,186.41000366210938,539.6332397460938,0.00020527777217683337
2024-07-24,216.47645568847656,215.99000549316406,180.8300018310547,527.4037475585938,0.00020515873318626766
2024-07-25,215.4364013671875,220.25,179.85000610351562,524.6558227539062,0.0002047618987068297
2024-07-26,215.90194702148438,219.8000030517578,182.5,530.531982421875,0.00020456350038922024
2024-07-29,216.1793212890625,232.10000610351562,183.1999969482422,530.8436889648438,0.0002042460252368261
2024-07-30,216.73402404785156,222.6199951171875,181.7100067138672,528.1542358398438,0.0002037698503524538
2024-07-31,219.9830322265625,232.07000732421875,186.97999572753906,536.7390747070312,0.0002037698503524538
2024-08-01,216.2981719970703,216.86000061035156,184.07000732421875,529.138427734375,0.00020297618139357795
2024-08-02,217.78402709960938,207.6699981689453,167.89999389648438,519.2867431640625,0.00019960318292890276
2024-08-05,207.29400634765625,198.8800048828125,161.02000427246094,504.16314697265625,0.00020079364852299765
2024-08-06,205.2732696533203,200.63999938964844,161.92999267578125,508.8113708496094,0.00020158729855976408
2024-08-07,207.8388214111328,191.75999450683594,162.77000427246094,505.410400390625,0.00020158729855976408
2024-08-08,211.29586791992188,198.83999633789062,165.8000030517578,517.09423828125,0.00020170635647243925
2024-08-09,214.1981964111328,200.0,166.94000244140625,519.3744506835938,0.00020138888132004512
2024-08-12,215.72543334960938,197.49000549316406,166.8000030517578,519.6472778320312,0.0002013095219930013
2024-08-13,219.4343719482422,207.8300018310547,170.22999572753906,528.1931762695312,0.00020051587195623488
2024-08-14,219.88067626953125,201.3800048828125,170.10000610351562,529.8594970703125,0.00020091270643567282
2024-08-15,222.85577392578125,214.13999938964844,177.58999633789062,538.9414672851562,0.00020158729855976408
2024-08-16,224.17474365234375,216.1199951171875,177.05999755859375,540.1497192382812,0.00020138888132004512
2024-08-19,224.0160675048828,222.72000122070312,178.22000122070312,545.3143310546875,0.00020091270643567282
2024-08-20,224.63092041015625,221.10000610351562,178.8800048828125,544.4276123046875,0.00019972222191946848
2024-08-21,224.52183532714844,223.27000427246094,180.11000061035156,546.298583984375,0.0001986111156524174
2024-08-22,222.6673583984375,210.66000366210938,176.1300048828125,542.0108642578125,0.0001994047656891838
2024-08-23,224.9581756591797,220.32000732421875,177.0399932861328,547.7699584960938,0.0001984126984126984
2024-08-26,225.29534912109375,213.2100067138672,175.5,546.4642944335938,0.0001983333390856546
2024-08-27,226.1383056640625,209.2100067138672,173.1199951171875,547.2145385742188,0.00019714285456945026
2024-08-28,224.611083984375,205.75,170.8000030517578,544.037841796875,0.00019662698109944662
2024-08-29,227.88369750976562,206.27999877929688,172.1199951171875,544.0866088867188,0.00019702381557888457
2024-08-30,227.10028076171875,214.11000061035156,178.5,549.2803344726562,0.00019714285456945026
2024-09-03,220.9219512939453,210.60000610351562,176.25,537.9767456054688,0.00019722221389649407
2024-09-04,219.01788330078125,219.41000366210938,173.3300018310547,536.8756713867188,0.00019634920453268385
2024-09-05,220.53517150878906,230.1699981689453,177.88999938964844,535.5699462890625,0.00019571429207211448
2024-09-06,218.98812866210938,210.72999572753906,171.38999938964844,526.55615234375,0.00019476190445915102
2024-09-09,219.07736206054688,216.27000427246094,175.39999389648438,532.4515380859375,0.00019424603098914736
2024-09-10,218.28399658203125,226.1699981689453,179.5500030517578,534.7708129882812,0.00019186508087884813
2024-09-11,220.81283569335938,228.1300048828125,184.52000427246094,540.2570190429688,0.00019345238095238096
2024-09-12,220.9219512939453,229.80999755859375,187.0,544.8077392578125,0.00019206349811856709
2024-09-13,220.6541748046875,230.2899932861328,186.49000549316406,547.653076171875,0.00018900793696206714
2024-09-16,214.5254669189453,226.77999877929688,184.88999938964844,548.4618530273438,0.00018829364625234452
2024-09-17,214.99154663085938,227.8699951171875,186.8800048828125,548.68603515625,0.00018789683069501603
2024-09-18,218.8592071533203,227.1999969482422,186.42999267578125,547.0587158203125,0.00018313491155230808
2024-09-19,226.9713134765625,243.9199981689453,189.8699951171875,556.3938598632812,0.00018226190218849787
2024-09-20,226.30690002441406,238.25,191.60000610351562,555.4321899414062,0.00018035714588468036
2024-09-23,224.5912628173828,250.0,193.8800048828125,556.8200073242188,0.0001786904675619943
2024-09-24,225.48377990722656,254.27000427246094,193.9600067138672,558.4132690429688,0.00017837301133170959
2024-09-25,224.4920654296875,257.0199890136719,192.52999877929688,557.1817016601562,0.00017805555510142494
2024-09-26,225.63253784179688,254.22000122070312,191.16000366210938,559.3908081054688,0.00017730158472818041
2024-09-27,225.90029907226562,260.4599914550781,187.97000122070312,558.579345703125,0.00017785713786170598
2024-09-30,231.0670928955078,261.6300048828125,186.3300018310547,560.8178100585938,0.00017849206924438476
2024-10-01,224.3334197998047,258.0199890136719,185.1300048828125,555.7937622070312,0.00017785713786170598
2024-10-02,224.89866638183594,249.02000427246094,184.75999450683594,556.0283203125,0.00017750000196789937
2024-10-03,223.79788208007812,240.66000366210938,181.9600067138672,555.0118408203125,0.0001771825457376147
2024-10-04,224.9185028076172,250.0800018310547,186.50999450683594,560.055419921875,0.00017876984581114753
2024-10-07,219.85089111328125,240.8300018310547,180.8000030517578,554.9922485351562,0.00017956349584791396
2024-10-08,223.8970489501953,244.5,182.72000122070312,560.2410278320312,0.00017968253483847965
2024-10-09,227.63580322265625,241.0500030517578,185.1699981689453,564.1216430664062,0.00017996031140524242
2024-10-10,227.13992309570312,238.77000427246094,186.64999389648438,563.1343383789062,0.00017976191308763294
2024-10-11,225.66229248046875,217.8000030517578,188.82000732421875,566.5065307617188,0.00017916666136847602
2024-10-14,229.38119506835938,219.16000366210938,187.5399932861328,571.1395263671875,0.0001792857192811512
2024-10-15,231.91001892089844,219.57000732421875,187.69000244140625,566.7020263671875,0.00017916666136847602
2024-10-16,229.85716247558594,221.3300018310547,186.88999938964844,569.1651611328125,0.0001786904675619943
2024-10-17,230.22413635253906,220.88999938964844,187.52999877929688,569.2139892578125,0.00017916666136847602
2024-10-18,233.0504608154297,220.6999969482422,188.99000549316406,571.4035034179688,0.0001790873020414322
2024-10-21,234.51820373535156,218.85000610351562,189.07000732421875,570.4652099609375,0.0001792857192811512
2024-10-22,233.90335083007812,217.97000122070312,189.6999969482422,570.1621704101562,0.00017857142857142857
2024-10-23,228.84564208984375,213.64999389648438,184.7100067138672,564.952392578125,0.00017876984581114753
2024-10-24,228.65725708007812,260.4800109863281,186.3800048828125,566.1741333007812,0.00017805555510142494
2024-10-25,229.4902801513672,269.19000244140625,187.8300018310547,565.9786376953125,0.0001789682630508665
2024-10-28,231.46376037597656,262.510009765625,188.38999938964844,567.7283325195312,0.00017785713786170598
2024-10-29,231.7315216064453,259.5199890136719,190.8300018310547,568.6471557617188,0.00017777777853466217
2024-10-30,228.19113159179688,257.54998779296875,192.72999572753906,566.9268798828125,0.00017710316748846146
2024-10-31,224.035888671875,249.85000610351562,186.39999389648438,555.8132934570312,0.00017587302223084464
2024-11-01,221.06077575683594,248.97999572753906,197.92999267578125,558.1591796875,0.0001746031783875965
2024-11-04,220.16822814941406,242.83999633789062,195.77999877929688,556.9568481445312,0.0001753174690973191
2024-11-05,221.59628295898438,251.44000244140625,199.5,563.6915893554688,0.00017551586741492862
2024-11-06,220.8723602294922,288.5299987792969,207.08999633789062,577.7080688476562,0.0001757936439816914
2024-11-07,225.5928497314453,296.9100036621094,210.0500030517578,582.1749877929688,0.0001753968284243629
2024-11-08,225.32481384277344,321.2200012207031,208.17999267578125,584.69677734375,0.00017551586741492862
2024-11-11,222.61447143554688,350.0,206.83999633789062,585.25390625,0.00017519841118464392
2024-11-12,222.61447143554688,328.489990234375,208.91000366210938,583.4359130859375,0.00017551586741492862
2024-11-13,223.49807739257812,330.239990234375,214.10000610351562,583.7193603515625,0.00017420634390815856
2024-11-14,226.57574462890625,311.17999267578125,211.47999572753906,579.9658203125,0.0001739285673413958
2024-11-15,223.37892150878906,320.7200012207031,202.61000061035156,572.5374145507812,0.0001743254018208337
2024-11-18,226.377197265625,338.739990234375,201.6999969482422,574.8832397460938,0.00017472221737816222
2024-11-19,226.6352996826172,346.0,204.61000061035156,576.9846801757812,0.00017492063461788118
2024-11-20,227.35011291503906,342.0299987792969,202.8800048828125,577.18017578125,0.00017499999394492496
2024-11-21,226.8735809326172,339.6400146484375,198.3800048828125,580.2786865234375,0.00017511905185760014
2024-11-22,228.21385192871094,352.55999755859375,197.1199951171875,582.0772094726562,0.00017519841118464392
2024-11-25,231.19223022460938,338.5899963378906,201.4499969482422,584.0516967773438,0.00017480159562731546
2024-11-26,233.366455078125,338.2300109863281,207.86000061035156,587.101318359375,0.00017440476114787752
2024-11-27,233.23739624023438,332.8900146484375,205.74000549316406,585.322265625,0.00017400794559054903
2024-11-29,235.6201171875,345.1600036621094,207.88999938964844,588.9583740234375,0.0001735317517840673
2024-12-02,237.8638153076172,357.0899963378906,210.7100067138672,590.0140991210938,0.00017380952835083008
2024-12-03,240.90176391601562,351.4200134277344,213.44000244140625,590.2876586914062,0.0001728968204013885
2024-12-04,241.2592010498047,357.92999267578125,218.16000366210938,593.9530639648438,0.00017242062659490677
2024-12-05,241.28897094726562,369.489990234375,220.5500030517578,592.9755859375,0.0001718253937978593
2024-12-06,241.0904083251953,389.2200012207031,227.02999877929688,594.0997314453125,0.00017043651096404543
2024-12-09,244.9722442626953,389.7900085449219,226.08999633789062,591.0403442382812,0.00017035715163700164
2024-12-10,245.98487854003906,400.989990234375,225.0399932861328,589.2027587890625,0.00017003967648460754
2024-12-11,244.714111328125,424.7699890136719,230.25999450683594,593.7576293945312,0.00016884921089051262
2024-12-12,246.1735076904297,418.1000061035156,228.97000122070312,590.6982421875,0.00016757936704726447
2024-12-13,246.34231567382812,436.2300109863281,227.4600067138672,590.5811157226562,0.00016738094980754548
2024-12-16,249.23129272460938,463.0199890136719,232.92999267578125,593.102783203125,0.00016777778428698342
2024-12-17,251.65374755859375,479.8599853515625,231.14999389648438,590.6591186523438,0.00016825395917135572
2024-12-18,246.2628631591797,440.1300048828125,220.52000427246094,573.055419921875,0.00016793650294107105
2024-12-19,247.9903106689453,436.1700134277344,223.2899932861328,572.8795166015625,0.0001674603091345893
2024-12-20,252.65646362304688,421.05999755859375,224.9199981689453,579.7603149414062,0.0001672619108169798
2024-12-23,253.4308319091797,430.6000061035156,225.05999755859375,583.2321166992188,0.0001672619108169798
2024-12-24,256.3397216796875,462.2799987792969,229.0500030517578,589.7147216796875,0.0001666666590978229
2024-12-26,257.15380859375,454.1300048828125,227.0500030517578,589.7539672851562,0.0001672619108169798
2024-12-27,253.74851989746094,431.6600036621094,223.75,583.5458984375,0.00016579364973401265
2024-12-30,250.38296508789062,417.4100036621094,221.3000030517578,576.8866577148438,0.00016595238731020973
2024-12-31,248.61581420898438,403.8399963378906,219.38999938964844,574.7879638671875,0.00016698413425021702
2025-01-02,242.0931396484375,379.2799987792969,220.22000122070312,573.375732421875,0.00016698413425021702
2025-01-03,241.60667419433594,410.44000244140625,224.19000244140625,580.5449829101562,0.00016638888253106012
2025-01-06,243.23483276367188,411.04998779296875,227.61000061035156,583.88916015625,0.0001662698435404944
2025-01-07,240.46495056152344,394.3599853515625,222.11000061035156,577.2888793945312,0.00016678571701049806
2025-01-08,240.95138549804688,394.94000244140625,222.1300048828125,578.1322631835938,0.00016686507633754187
2025-01-10,235.14358520507812,394.739990234375,218.94000244140625,569.3056030273438,0.00016718253256782652
2025-01-13,232.71121215820312,403.30999755859375,218.4600067138672,570.1883544921875,0.00016738094980754548
2025-01-14,231.59927368164062,396.3599853515625,217.75999450683594,570.9729614257812,0.00016718253256782652
2025-01-15,236.15618896484375,428.2200012207031,223.35000610351562,581.3589477539062,0.00016686507633754187
2025-01-16,226.6154327392578,413.82000732421875,220.66000366210938,580.240966796875,0.00016646826078021336
2025-01-17,228.3230438232422,426.5,225.94000244140625,586.0664672851562,0.00016638888253106012
2025-01-21,221.0359344482422,424.07000732421875,230.7100067138672,591.430908203125,0.00016654762010725717
2025-01-22,222.2173614501953,415.1099853515625,235.00999450683594,594.7556762695312,0.0001672619108169798
2025-01-23,222.04861450195312,412.3800048828125,235.4199981689453,598.0018920898438,0.00016718253256782652
2025-01-24,221.17491149902344,406.5799865722656,234.85000610351562,596.2562255859375,0.00016686507633754187
2025-01-27,228.2039337158203,397.1499938964844,235.4199981689453,587.8218383789062,0.0001661904842134506
2025-01-28,236.54339599609375,398.0899963378906,238.14999389648438,592.8726196289062,0.0001662698435404944
2025-01-29,237.63548278808594,389.1000061035156,237.07000732421875,590.2149047851562,0.0001661904842134506
2025-01-30,235.8782196044922,400.2799987792969,234.63999938964844,593.382568359375,0.00016595238731020973
2025-01-31,234.29969787597656,404.6000061035156,237.67999267578125,590.224609375,0.0001661904842134506
2025-02-03,226.3672332763672,383.67999267578125,237.4199981689453,586.252685546875,0.0001662698435404944
2025-02-04,231.1227569580078,392.2099914550781,242.05999755859375,590.1854858398438,0.00016718253256782652
2025-02-05,230.7951202392578,378.1700134277344,236.1699981689453,592.5784301757812,0.00016706349357726083
2025-02-06,231.5397186279297,374.32000732421875,238.8300018310547,594.6380004882812,0.00016718253256782652
2025-02-07,225.99000549316406,361.6199951171875,229.14999389648438,589.1949462890625,0.00016777778428698342
2025-02-10,226.25833129882812,350.7300109863281,233.13999938964844,593.1962280273438,0.00016777778428698342
2025-02-11,231.1979522705078,328.5,232.75999450683594,593.6474609375,0.00016765872637430828
2025-02-12,235.42198181152344,336.510009765625,228.92999267578125,591.7349853515625,0.00016777778428698342
2025-02-13,240.05349731445312,355.94000244140625,230.3699951171875,597.9822998046875,0.00016718253256782652
2025-02-14,243.10472106933594,355.8399963378906,228.67999267578125,597.952880859375,0.00016718253256782652
2025-02-18,242.97552490234375,354.1099853515625,226.64999389648438,599.7083740234375,0.00016718253256782652
2025-02-19,243.37306213378906,360.55999755859375,226.6300048828125,601.12060546875,0.00016738094980754548
2025-02-20,244.3271942138672,354.3999938964844,222.8800048828125,598.6198120117188,0.00016686507633754187
2025-02-21,244.0489044189453,337.79998779296875,216.5800018310547,588.380859375,0.00016654762010725717
2025-02-24,245.58944702148438,330.5299987792969,212.7100067138672,585.7035522460938,0.0001662698435404944
2025-02-25,245.52978515625,302.79998779296875,212.8000030517578,582.7907104492188,0.00016595238731020973
2025-02-26,238.89065551757812,290.79998779296875,214.35000610351562,583.0850219726562,0.00016638888253106012
2025-02-27,235.84934997558594,281.95001220703125,208.74000549316406,573.7777709960938,0.00016646826078021336
2025-02-28,240.36158752441406,292.9800109863281,212.27999877929688,582.73193359375,0.00016638888253106012
2025-03-03,236.5748748779297,284.6499938964844,205.02000427246094,572.5224609375,0.00016638888253106012
2025-03-04,234.48770141601562,272.0400085449219,203.8000030517578,565.74560546875,0.00016646826078021336
2025-03-05,234.29888916015625,279.1000061035156,208.36000061035156,571.826171875,0.00016686507633754187
2025-03-06,233.8914031982422,263.45001220703125,200.6999969482422,561.6756591796875,0.00016654762010725717
2025-03-07,237.60853576660156,262.6700134277344,199.25,564.8236694335938,0.00016654762010725717
2025-03-10,226.08937072753906,222.14999389648438,194.5399932861328,549.779296875,0.00016607142630077544
2025-03-11,219.48995971679688,230.5800018310547,196.58999633789062,545.208984375,0.00016646826078021336
2025-03-12,215.65354919433594,248.08999633789062,198.88999938964844,548.1021728515625,0.00016654762010725717
2025-03-13,208.39816284179688,240.67999267578125,193.88999938964844,540.7957153320312,0.0001661904842134506
2025-03-14,212.1848907470703,249.97999572753906,197.9499969482422,551.96630859375,0.0001661904842134506
2025-03-17,212.6917724609375,238.00999450683594,195.74000549316406,556.2227783203125,0.0001661904842134506
2025-03-18,211.38980102539062,225.30999755859375,192.82000732421875,550.2108764648438,0.00016646826078021336
2025-03-19,213.9241943359375,235.86000061035156,195.5399932861328,556.2030029296875,0.0001662698435404944
2025-03-20,212.79119873046875,236.25999450683594,194.9499969482422,554.5947875976562,0.00016595238731020973
2025-03-21,216.93568420410156,248.7100067138672,196.2100067138672,554.7776489257812,0.00016607142630077544
2025-03-24,219.380615234375,278.3900146484375,203.25999450683594,564.712890625,0.00016595238731020973
2025-03-25,222.38217163085938,288.1400146484375,205.7100067138672,566.0703735351562,0.00016595238731020973
2025-03-26,220.17575073242188,272.05999755859375,201.1300048828125,559.3123779296875,0.0001662698435404944
2025-03-27,222.48158264160156,273.1300048828125,201.36000061035156,557.8270874023438,0.0001661904842134506
2025-03-28,216.56793212890625,263.54998779296875,192.72000122070312,546.5933227539062,0.0001661904842134506
2025-03-31,220.7720947265625,259.1600036621094,190.25999450683594,550.2625732421875,0.00016638888253106012
2025-04-01,221.82559204101562,268.4599914550781,192.1699981689453,551.8167114257812,0.0001666666590978229
2025-04-02,222.52133178710938,282.760009765625,196.00999450683594,555.308837890625,0.00016678571701049806
2025-04-03,201.94784545898438,267.2799987792969,178.41000366210938,527.9428100585938,0.00016607142630077544
2025-04-04,187.22842407226562,239.42999267578125,171.0,497.0354309082031,0.00016488096070668053
2025-04-07,180.3507080078125,233.2899932861328,175.25999450683594,496.150146484375,0.00016468254346696157
2025-04-08,171.36595153808594,221.86000061035156,170.66000366210938,488.3790283203125,0.00016579364973401265
2025-04-09,197.6343994140625,272.20001220703125,191.10000610351562,539.6682739257812,0.00016777778428698342
2025-04-10,189.25592041015625,252.39999389648438,181.22000122070312,516.0205078125,0.00016654762010725717
2025-04-11,196.9386749267578,252.30999755859375,184.8699951171875,525.2278442382812,0.00016718253256782652
2025-04-14,201.28196716308594,252.35000610351562,182.1199951171875,530.3233032226562,0.00016646826078021336
2025-04-15,200.90428161621094,254.11000061035156,179.58999633789062,528.837890625,0.0001666666590978229
2025-04-16,193.0823974609375,241.5500030517578,174.3300018310547,517.0828247070312,0.00016698413425021702
2025-04-17,195.77581787109375,241.3699951171875,172.61000061035156,517.8206176757812,0.00016686507633754187
2025-04-21,191.9791717529297,227.5,167.32000732421875,505.4951171875,0.00016706349357726083
2025-04-22,198.5189666748047,237.97000122070312,173.17999267578125,518.6469116210938,0.00016718253256782652
2025-04-23,203.3492431640625,250.74000549316406,180.60000610351562,526.68359375,0.00016698413425021702
2025-04-24,207.09620666503906,259.510009765625,186.5399932861328,537.769775390625,0.00016654762010725717
2025-04-25,208.00064086914062,284.95001220703125,188.99000549316406,541.6553955078125,0.00016638888253106012
2025-04-28,208.85537719726562,285.8800048828125,187.6999969482422,541.86181640625,0.00016638888253106012
2025-04-29,209.91883850097656,292.0299987792969,187.38999938964844,545.2752685546875,0.0001662698435404944
2025-04-30,211.20095825195312,282.1600036621094,184.4199981689453,545.49169921875,0.0001662698435404944
2025-05-01,212.0159454345703,280.5199890136719,190.1999969482422,549.3574829101562,0.00016607142630077544
2025-05-02,204.09466552734375,287.2099914550781,189.97999572753906,557.5123291015625,0.00016698413425021702
2025-05-05,197.67416381835938,280.260009765625,186.35000610351562,554.3153076171875,0.00016698413425021702
2025-05-06,197.29647827148438,275.3500061035156,185.00999450683594,549.6821899414062,0.00016706349357726083
2025-05-07,195.05029296875,276.2200012207031,188.7100067138672,551.993896484375,0.0001672619108169798
2025-05-08,196.28271484375,284.82000732421875,192.0800018310547,555.8400268554688,0.0001672619108169798
2025-05-09,197.3163604736328,298.260009765625,193.05999755859375,555.1317749023438,0.0001672619108169798
2025-05-12,209.77613830566406,318.3800048828125,208.63999938964844,573.4774780273438,0.000169841278166998
2025-05-13,211.9058380126953,334.07000732421875,211.3699951171875,577.2647094726562,0.00017003967648460754
2025-05-14,211.30873107910156,347.67999267578125,210.25,578.00244140625,0.00017003967648460754
2025-05-15,210.43296813964844,342.82000732421875,205.1699981689453,580.8255615234375,0.0001689682498810783
2025-05-16,210.24388122558594,349.9800109863281,205.58999633789062,584.5045166015625,0.00016813492018079
2025-05-19,207.7758026123047,342.0899963378906,206.16000366210938,585.1439208984375,0.00016825395917135572
2025-05-20,205.86505126953125,343.82000732421875,204.07000732421875,583.1765747070312,0.00016857143432374985
2025-05-21,201.11798095703125,334.6199951171875,201.1199951171875,573.349609375,0.0001680555608537462
2025-05-22,200.39149475097656,341.0400085449219,203.10000610351562,573.5758056640625,0.00016793650294107105
2025-05-23,194.33079528808594,339.3399963378906,200.99000549316406,569.6607666015625,0.00016785714361402723
2025-05-27,199.2470245361328,362.8900146484375,206.02000427246094,581.5043334960938,0.00016678571701049806
2025-05-28,199.45599365234375,356.8999938964844,204.72000122070312,578.1400756835938,0.00016765872637430828
2025-05-29,198.98828125,358.42999267578125,205.6999969482422,580.4223022460938,0.00016785714361402723
2025-05-30,199.88394165039062,346.4599914550781,205.00999450683594,579.7730102539062,0.00016793650294107105
2025-06-02,200.72984313964844,342.69000244140625,206.64999389648438,583.0388793945312,0.00016793650294107105
2025-06-03,202.29229736328125,344.2699890136719,205.7100067138672,586.3637084960938,0.0001680555608537462
2025-06-04,201.844482421875,332.04998779296875,207.22999572753906,586.2062377929688,0.00016825395917135572
2025-06-05,199.66502380371094,284.70001220703125,207.91000366210938,583.3733520507812,0.00016793650294107105
2025-06-06,202.93917846679688,295.1400146484375,213.57000732421875,589.3639526367188,0.00016793650294107105
2025-06-09,200.48106384277344,308.5799865722656,216.97999572753906,589.8951416015625,0.00016825395917135572
2025-06-10,201.6951904296875,326.0899963378906,217.61000061035156,593.2396850585938,0.00016865079365079366
2025-06-11,197.8238983154297,326.42999267578125,213.1999969482422,591.5477294921875,0.00016865079365079366
2025-06-12,198.24188232421875,319.1099853515625,213.24000549316406,593.8987426757812,0.0001689682498810783
2025-06-13,195.50511169433594,325.30999755859375,212.10000610351562,587.2588500976562,0.00016825395917135572
2025-06-16,197.46563720703125,329.1300048828125,216.10000610351562,592.8461303710938,0.00016857143432374985
2025-06-17,194.69898986816406,316.3500061035156,214.82000732421875,587.7802734375,0.00016738094980754548
2025-06-18,195.63446044921875,322.04998779296875,212.52000427246094,587.6917114257812,0.00016757936704726447
2025-06-20,200.03321838378906,322.1600036621094,209.69000244140625,586.3115234375,0.00016646826078021336
2025-06-23,200.53082275390625,348.67999267578125,208.47000122070312,592.1027221679688,0.00016499999969724625
2025-06-24,199.3365936279297,340.4700012207031,212.77000427246094,598.6439208984375,0.00016595238731020973
2025-06-25,200.59054565429688,327.54998779296875,211.99000549316406,598.979248046875,0.0001661904842134506
2025-06-26,200.03321838378906,325.7799987792969,217.1199951171875,603.6655883789062,0.00016638888253106012
2025-06-27,200.11282348632812,323.6300048828125,223.3000030517578,606.664794921875,0.00016654762010725717
2025-06-30,204.1831512451172,317.6600036621094,219.38999938964844,609.5653686523438,0.0001662698435404944
2025-07-01,206.82041931152344,300.7099914550781,220.4600067138672,609.3681030273438,0.00016765872637430828
2025-07-02,211.41819763183594,315.6499938964844,219.9199981689453,612.130615234375,0.00016757936704726447
2025-07-03,212.5228729248047,315.3500061035156,223.41000366210938,616.9549560546875,0.00016825395917135572
2025-07-07,208.94017028808594,293.94000244140625,223.47000122070312,612.3573608398438,0.0001684523764110747
2025-07-08,208.9998779296875,297.80999755859375,219.36000061035156,612.0220336914062,0.00016865079365079366
2025-07-09,210.1244354248047,295.8800048828125,222.5399932861328,615.692138671875,0.0001684523764110747
2025-07-10,211.38833618164062,309.8699951171875,222.25999450683594,617.4285278320312,0.00016825395917135572
2025-07-11,210.14434814453125,313.510009765625,225.02000427246094,615.2579956054688,0.00016813492018079
2025-07-14,207.61656188964844,316.8999938964844,225.69000244140625,616.4320678710938,0.00016777778428698342
2025-07-15,208.10421752929688,310.7799987792969,226.35000610351562,613.7979736328125,0.00016793650294107105
2025-07-16,209.14918518066406,321.6700134277344,223.19000244140625,615.8499755859375,0.00016765872637430828
2025-07-17,209.00982666015625,319.4100036621094,223.8800048828125,619.6187133789062,0.0001680555608537462
2025-07-18,210.16424560546875,329.6499938964844,226.1300048828125,619.1650390625,0.00016785714361402723
2025-07-21,211.45799255371094,328.489990234375,229.3000030517578,620.3389892578125,0.00016757936704726447
2025-07-22,213.3687744140625,332.1099853515625,227.47000122070312,620.4277954101562,0.00016785714361402723
2025-07-23,213.11997985839844,332.55999755859375,228.2899932861328,625.7060546875,0.00016825395917135572
2025-07-24,212.73182678222656,305.29998779296875,232.22999572753906,625.9132080078125,0.0001684523764110747
2025-07-25,212.8512725830078,316.05999755859375,231.44000244140625,628.5572509765625,0.0001684523764110747
2025-07-28,213.02047729492188,325.5899963378906,232.7899932861328,628.3994140625,0.0001680555608537462
2025-07-29,210.25381469726562,321.20001220703125,231.00999450683594,626.741943359375,0.00016785714361402723
2025-07-30,208.0445098876953,319.0400085449219,230.19000244140625,625.9527587890625,0.00016793650294107105
2025-07-31,206.57162475585938,308.2699890136719,234.11000061035156,623.6046752929688,0.0001680555608537462
2025-08-01,201.40660095214844,302.6300048828125,214.75,613.3834228515625,0.00016595238731020973
2025-08-04,202.37193298339844,309.260009765625,211.64999389648438,622.7067260742188,0.0001648015824575273
2025-08-05,201.94400024414062,308.7200012207031,213.75,619.5496215820312,0.00016468254346696157
2025-08-06,212.2243194580078,319.9100036621094,222.30999755859375,624.2952270507812,0.00016400793242076086
2025-08-07,218.9716796875,322.2699890136719,223.1300048828125,623.7722778320312,0.00016420634966047982
2025-08-08,228.2468719482422,329.6499938964844,222.69000244140625,628.6361694335938,0.00016400793242076086
2025-08-11,226.34388732910156,339.0299987792969,221.3000030517578,627.39306640625,0.0001644047669001988
2025-08-12,228.80479431152344,340.8399963378906,221.47000122070312,634.072265625,0.00016388889343019517
2025-08-13,232.47125244140625,339.3800048828125,224.55999755859375,636.2428588867188,0.00016309524339342874
2025-08-14,231.92327880859375,335.5799865722656,230.97999572753906,636.3020629882812,0.00016317460272047255
2025-08-15,230.73764038085938,330.55999755859375,231.02999877929688,634.812255859375,0.00016317460272047255
2025-08-18,230.0402374267578,335.1600036621094,231.49000549316406,634.6741333007812,0.0001636111168634324
2025-08-19,229.71144104003906,329.30999755859375,228.00999450683594,631.23095703125,0.00016309524339342874
2025-08-20,225.17819213867188,323.8999938964844,223.80999755859375,629.5537109375,0.00016329364171103827
2025-08-21,224.072265625,320.1099853515625,221.9499969482422,627.0281372070312,0.00016380951518104187
2025-08-22,226.92173767089844,340.010009765625,228.83999633789062,636.6572265625,0.00016222221510750907
2025-08-25,226.32395935058594,346.6000061035156,227.94000244140625,633.855224609375,0.00016242063234722803
2025-08-26,228.46604919433594,351.6700134277344,228.7100067138672,636.5091552734375,0.00016222221510750907
2025-08-27,229.64170837402344,349.6000061035156,229.1199951171875,637.95947265625,0.00016111110884045796
2025-08-28,231.7041015625,345.9800109863281,231.60000610351562,640.21875,0.00016158730264693972
2025-08-29,231.28562927246094,333.8699951171875,229.0,636.400634765625,0.00016043651671636674
2025-09-02,228.8745574951172,329.3599853515625,225.33999633789062,631.6847534179688,0.0001600000025734069
2025-09-03,237.59234619140625,334.0899963378906,225.99000549316406,635.1082153320312,0.00015944444943988135
2025-09-04,238.89749145507812,338.5299987792969,235.67999267578125,640.4161376953125,0.00015865078994206018
2025-09-05,238.80784606933594,350.8399963378906,232.3300018310547,638.5613403320312,0.00015515873356470987
2025-09-08,237.0045166015625,346.3999938964844,235.83999633789062,640.1299438476562,0.00015587301481337774
2025-09-09,233.48751831054688,346.9700012207031,238.24000549316406,641.6099243164062,0.00015646825707147993
2025-09-10,225.955322265625,347.7900085449219,230.3300018310547,643.4646606445312,0.00015595238360147627
2025-09-11,229.1833953857422,368.80999755859375,229.9499969482422,648.8119506835938,0.00015587301481337774
2025-09-12,233.20855712890625,395.94000244140625,228.14999389648438,648.594970703125,0.00015587301481337774
2025-09-15,235.828857421875,410.0400085449219,231.42999267578125,652.0479736328125,0.00015476190854632664
2025-09-16,237.2735137939453,421.6199951171875,234.0500030517578,651.1502075195312,0.00015436508352794344
2025-09-17,238.11044311523438,425.8599853515625,231.6199951171875,650.3412475585938,0.00015349206470307848
2025-09-18,237.0045166015625,416.8500061035156,231.22999572753906,653.3799438476562,0.00015396825850956023
2025-09-19,244.59646606445312,426.07000732421875,231.47999572753906,656.6160278320312,0.00015388888972146168
2025-09-22,255.13751220703125,434.2099914550781,227.6300048828125,659.7225341796875,0.00015269841466631208
2025-09-23,253.4936065673828,425.8500061035156,220.7100067138672,656.1312255859375,0.00015257936621469165
2025-09-24,251.3813934326172,442.7900085449219,220.2100067138672,654.043701171875,0.00015309523968469528
2025-09-25,255.9246063232422,423.3900146484375,218.14999389648438,651.0263061523438,0.00015408729750012595
2025-09-26,254.51980590820312,440.3999938964844,219.77999877929688,654.756103515625,0.0001531745990117391
2025-09-29,253.4936065673828,443.2099914550781,222.1699981689453,656.5962524414062,0.00015329364746335952
2025-09-30,253.69287109375,444.7200012207031,219.57000732421875,659.0695190429688,0.00015257936621469165
2025-10-01,254.5098419189453,459.4599914550781,220.6300048828125,661.3153076171875,0.00015257936621469165
2025-10-02,256.18365478515625,436.0,222.41000366210938,662.0769653320312,0.00015269841466631208
2025-10-03,257.07037353515625,429.8299865722656,219.50999450683594,662.0671997070312,0.00015309523968469528
2025-10-06,255.74526977539062,453.25,220.89999389648438,664.4415893554688,0.0001531745990117391
2025-10-07,255.53607177734375,433.0899963378906,221.77999877929688,661.9781494140625,0.00015249999742659312
2025-10-08,257.1102600097656,438.69000244140625,225.22000122070312,665.925537109375,0.00015249999742659312
2025-10-09,253.10501098632812,435.5400085449219,227.74000549316406,663.9963989257812,0.00015289682244497632
2025-10-10,244.36732482910156,413.489990234375,216.3699951171875,646.0499877929688,0.00015289682244497632
2025-10-13,246.74851989746094,435.8999938964844,220.07000732421875,655.9630126953125,0.00015289682244497632
2025-10-14,246.8581085205078,429.239990234375,216.38999938964844,655.1616821289062,0.00015289682244497632
2025-10-15,248.42233276367188,435.1499938964844,215.57000732421875,658.0702514648438,0.00015309523968469528
2025-10-16,246.53927612304688,428.75,214.47000122070312,653.5886840820312,0.00015289682244497632
2025-10-17,251.36146545410156,439.30999755859375,213.0399932861328,657.2986450195312,0.000152063492744688
2025-10-20,261.27484130859375,447.42999267578125,216.47999572753906,664.1348266601562,0.00015071428957439604
2025-10-21,261.8028869628906,442.6000061035156,222.02999877929688,664.1249389648438,0.0001501984161043924
2025-10-22,257.4988098144531,438.9700012207031,217.9499969482422,660.6721801757812,0.00015031746455601282
2025-10-23,258.6246032714844,448.9800109863281,221.08999633789062,664.5899658203125,0.00015031746455601282
2025-10-24,261.85272216796875,433.7200012207031,224.2100067138672,670.0213623046875,0.00014932539727952746
2025-10-27,267.8206481933594,452.4200134277344,226.97000122070312,677.926025390625,0.00014753967996627567
2025-10-28,268.00994873046875,460.54998779296875,229.25,679.7266235351562,0.00014761904875437417
2025-10-29,268.7073974609375,461.510009765625,230.3000030517578,680.0531616210938,0.0001480158737727574
2025-10-30,270.401123046875,440.1000061035156,222.86000061035156,672.5739135742188,0.0001490873003762866
2025-10-31,269.3749084472656,456.55999755859375,244.22000122070312,674.780029296875,0.00014753967996627567
2025-11-03,268.0597839355469,468.3699951171875,254.0,676.04638671875,0.00015011904731629386
2025-11-04,269.0461730957031,444.260009765625,249.32000732421875,668.0328369140625,0.0001505158723346771
2025-11-05,269.1457824707031,462.07000732421875,250.1999969482422,670.3478393554688,0.00015031746455601282
2025-11-06,268.7771301269531,445.9100036621094,243.0399932861328,663.1554565429688,0.00014932539727952746
2025-11-07,267.48193359375,429.5199890136719,244.41000366210938,663.808349609375,0.0001490873003762866
2025-11-10,268.6985778808594,445.2300109863281,248.39999389648438,674.1666259765625,0.00015011904731629386
2025-11-11,274.5028076171875,439.6199951171875,249.10000610351562,675.7099609375,0.00015011904731629386
2025-11-12,272.7276916503906,430.6000061035156,244.1999969482422,676.0859375,0.00014992063953762962
2025-11-13,272.20904541015625,401.989990234375,237.5800018310547,664.8670043945312,0.0001505158723346771
2025-11-14,271.6705322265625,404.3500061035156,234.69000244140625,664.7581176757812,0.00015031746455601282
2025-11-17,266.73394775390625,408.9200134277344,232.8699951171875,658.56494140625,0.00014968254263438875
2025-11-18,266.7139892578125,401.25,222.5500030517578,653.0346069335938,0.00014968254263438875
2025-11-19,267.83099365234375,403.989990234375,222.69000244140625,655.5574340820312,0.00014968254263438875
2025-11-20,265.5272521972656,395.2300109863281,217.13999938964844,645.5652465820312,0.0001498015910860092
2025-11-21,270.75299072265625,391.0899963378906,220.69000244140625,651.995849609375,0.0001484126987911406
2025-11-24,275.1710205078125,417.7799987792969,226.27999877929688,661.59228515625,0.0001480158737727574
2025-11-25,276.2181396484375,419.3999938964844,229.6699981689453,667.815185546875,0.00014809524256085592
2025-11-26,276.7966003417969,426.5799865722656,229.16000366210938,672.4254150390625,0.00014892857226114425
2025-11-28,278.0930480957031,430.1700134277344,233.22000122070312,676.0958251953125,0.00014670635026598736
2025-12-01,282.3315124511719,430.1400146484375,233.8800048828125,673.0090942382812,0.000146547622150845
2025-12-02,285.4131164550781,429.239990234375,234.4199981689453,674.2556762695312,0.00014571428298950194
2025-12-03,283.378662109375,446.739990234375,232.3800048828125,676.5905151367188,0.00014424603136758957
2025-12-04,279.9380187988281,454.5299987792969,229.11000061035156,677.085205078125,0.0001433333328792027
2025-12-05,278.0232238769531,455.0,229.52999877929688,678.3712158203125,0.0001429761875243414
2025-12-08,277.1356506347656,439.5799865722656,226.88999938964844,676.3333129882812,0.0001435714297824436
2025-12-09,276.4275817871094,445.1700134277344,227.9199981689453,675.7495727539062,0.0001441269829159691
2025-12-10,278.0232238769531,451.45001220703125,231.77999877929688,680.231201171875,0.00014257936250595819
2025-12-11,277.2752685546875,446.8900146484375,230.27999877929688,681.8141479492188,0.00014158730469052754
2025-12-12,277.5245666503906,458.9599914550781,226.19000244140625,674.4832763671875,0.00013988095616537428
2025-12-15,273.3658752441406,475.30999755859375,222.5399932861328,673.4641723632812,0.00014039682963537794
2025-12-16,273.8645324707031,489.8800048828125,222.55999755859375,671.6240844726562,0.00014067460620214068
2025-12-17,271.10205078125,467.260009765625,221.27000427246094,664.2338256835938,0.00014059523741404215
2025-12-18,271.4511413574219,483.3699951171875,226.75999450683594,669.2495727539062,0.00013976190771375384
2025-12-19,272.9271240234375,481.20001220703125,227.35000610351562,675.3153686523438,0.00013976190771375384
2025-12-22,270.23443603515625,488.7300109863281,228.42999267578125,679.5224609375,0.0001400000046169947
2025-12-23,271.62066650390625,485.55999755859375,232.13999938964844,682.6282348632812,0.0001407539655291845
2025-12-24,273.06671142578125,485.3999938964844,232.3800048828125,685.0294799804688,0.0001410714312205239
2025-12-26,272.6578674316406,475.19000244140625,232.52000427246094,684.9600219726562,0.00014059523741404215
2025-12-29,273.0168762207031,459.6400146484375,232.07000732421875,682.51904296875,0.00014039682963537794
2025-12-30,272.33868408203125,454.42999267578125,232.52999877929688,681.685546875,0.0001404761889624217
2025-12-31,271.12200927734375,449.7200012207031,230.82000732421875,676.635009765625,0.0001407539655291845
